date,Open,High,Low,Close,Volume,avg_sentiment,max_sentiment,min_sentiment,sentiment_std,news_count,pos_ratio,neg_ratio,neu_ratio,rsi,macd,macd_signal,bb_high,bb_low,bb_width,ema_20,atr,volume_ma7,volume_ratio,sentiment_lag1,sentiment_lag2,sentiment_lag3,sentiment_roll3,sentiment_roll7,price_change_1d,price_change_3d,price_change_5d,high_low_ratio,target,ticker
2025-04-30,387.3347110069874,393.6464071015826,381.5192464831796,392.2570495605469,36461100,0.0,0.0,0.0,0.0,0.0,0.0,0.0,0.0,58.51146298998743,1.2592816317381903,,401.05811400807465,349.26472229563626,13.805628512544377,380.0472822183395,11.93245038173252,21321500.0,1.7100626128555683,0.0,0.0,0.0,0.0,0.0,0.0030961136761396,0.008702313164145936,0.05574396374414814,1.0317864976149707,1,MSFT
2025-05-01,427.8346397458207,433.669971462135,421.6718285206496,422.16802978515625,58938100,0.0,0.0,0.0,0.0,0.0,0.0,0.0,0.0,70.9017294866456,4.411311765685241,,410.335404874303,344.280561922572,17.506876572494097,384.05878198660776,14.038198347436492,26957657.14285714,2.1863212996466417,0.0,0.0,0.0,0.0,0.0,0.07625351859990581,0.08753441684772456,0.09837338560112863,1.0284537456143998,1,MSFT
2025-05-02,428.4598783453456,436.1013902925972,426.7231738378541,431.9729919433594,30757400,0.0,0.0,0.0,0.0,0.0,0.0,0.0,0.0,73.67689911845954,7.612741908711939,,420.8960212323953,339.8897148515891,21.295432482152584,388.6220400777269,14.030709930293954,28416500.0,1.0823781957665441,0.0,0.0,0.0,0.0,0.0,0.023225259769653617,0.10465938067112934,0.11083320665839569,1.021977284173244,1,MSFT
2025-05-05,429.58128511716615,436.1609188409604,428.827049490993,432.8562316894531,20136100,0.0,0.0,0.0,0.0,0.0,0.0,0.0,0.0,73.91821011606748,10.104687876199478,,429.1820528148958,339.17869242436194,23.427370788576134,392.8348202312247,13.552364174556343,28117042.85714286,0.7161528366374639,0.0,0.0,0.0,0.0,0.0,0.0020446642789406777,0.10350147224731909,0.11506797364276578,1.0171021612528233,0,MSFT
2025-05-06,428.91639204817295,434.4043769104007,427.8942186382879,430.0179443359375,15104200,0.0,0.0,0.0,0.0,0.0,0.0,0.0,0.0,71.64525966126139,11.715497972085018,,435.0479578101704,340.8004644310406,24.29533673778053,396.37607014595926,13.049349467238946,27564328.57142857,0.5479618326584618,0.0,0.0,0.0,0.0,0.0,-0.006557113299345829,0.018594289469944236,0.09965985125730792,1.015214410451327,1,MSFT
2025-05-07,430.54391525930873,434.79139692835327,427.8346454163337,430.0576477050781,23295300,0.0,0.0,0.0,0.0,0.0,0.0,0.0,0.0,71.65838827146042,12.84718594592016,,439.31555059088106,344.35201227532986,24.235669004399902,399.58383943730394,12.614163899008991,28523742.85714286,0.8166985699131851,0.0,0.0,0.0,0.0,0.0,9.232956359972455e-05,-0.004433944422461478,0.09636690580036733,1.0162603743912555,1,MSFT
2025-05-08,434.6028672327044,440.2992788018954,432.3501242134362,434.841064453125,23491300,0.0,0.0,0.0,0.0,0.0,0.0,0.0,0.0,73.26450410944229,13.96901249283269,,445.1735645349598,343.22577628535277,25.861966891938938,402.9416703911917,12.444697270281011,29740500.0,0.7898757586456179,0.0,0.0,0.0,0.0,0.0,0.011122733832481968,0.004585431878674884,0.030018935053936158,1.0183859195204834,1,MSFT
2025-05-09,436.6570993033328,437.3914674607305,432.5684058555715,435.3967590332031,15324200,0.0,0.0,0.0,0.0,0.0,0.0,0.0,0.0,73.45271943571566,14.733074312410395,,450.48616873171477,343.6075751647696,26.918381963950466,406.0326312142404,11.900294722772298,26720942.85714286,0.5734902425384903,0.0,0.0,0.0,0.0,0.0,0.0012779257193131777,0.012508349402888141,0.007925882297504128,1.0111498240275305,1,MSFT
2025-05-12,442.551987565255,445.9559209816134,436.43878433354007,445.8467712402344,22821900,0.0,0.0,0.0,0.0,0.0,0.0,0.0,0.0,76.76531789908447,15.997419169764044,11.07773873064022,457.23903857423954,342.8895045165808,28.582790864062257,409.8244540738589,11.804499524603584,21561485.714285713,1.0584567456257985,0.0,0.0,0.0,0.0,0.0,0.02400112538787713,0.03671396990476028,0.030011210650886744,1.0218063494577054,0,MSFT
2025-05-13,444.3780084465138,447.2460663261757,441.9763809723924,445.7276916503906,23618800,0.0,0.0,0.0,0.0,0.0,0.0,0.0,0.0,76.64794860081437,16.796196749757144,12.221430334463605,463.1301982738119,343.08474923595367,29.780010754862406,413.2438100335286,11.337727083830705,20541685.714285713,1.1497985281497276,0.0,0.0,0.0,0.0,0.0,-0.0002670863568496884,0.025035876524120537,0.03653277153053036,1.0119230021798664,1,MSFT
2025-05-14,444.73528972695,450.4515077748093,444.73528972695,449.4988098144531,19902800,0.0,0.0,0.0,0.0,0.0,0.0,0.0,0.0,77.80527717302417,17.531439929508736,13.283432253472633,468.9419419044877,343.9429396873092,30.75441678098492,416.69666715552137,10.936190724118461,20508357.14285714,0.9704726644538638,0.0,0.0,0.0,0.0,0.0,0.008460587562103772,0.03238896589989215,0.045205944396336406,1.0128530795282038,1,MSFT
2025-05-15,448.1665539237944,453.55526390744575,447.8285212445724,450.512939453125,21992300,0.0,0.0,0.0,0.0,0.0,0.0,0.0,0.0,78.11932826370347,17.98859589701999,14.224464982182106,473.3319915051424,347.72551276731855,30.596268369564143,419.9172645171979,10.564087291172381,21492371.42857143,1.0232607450085278,0.0,0.0,0.0,0.0,0.0,0.002256134202202942,0.010465856240049698,0.03604046692257468,1.0127878024538455,1,MSFT
2025-05-16,449.4391826540583,451.735838870633,446.13838030321216,451.6463623046875,23849800,0.0,0.0,0.0,0.0,0.0,0.0,0.0,0.0,78.48573235935564,18.232183781126196,15.026008741970923,476.4446183527022,353.27894121761034,29.688364447280602,422.9390833541017,10.209328096618702,21571585.714285713,1.1056118134238757,0.0,0.0,0.0,0.0,0.0,0.0025158497177424355,0.013278669387539965,0.03732136938172559,1.0125464627446235,1,MSFT
2025-05-19,448.27591363294266,456.9355998797858,448.1963586877965,456.2197570800781,21336500,0.0,0.0,0.0,0.0,0.0,0.0,0.0,0.0,79.94505886517203,18.58008402817927,15.736823799212594,477.7421632697452,361.9642118523251,27.57581813061481,426.1086713280042,10.104321889145174,21263757.14285714,1.0034209785530444,0.0,0.0,0.0,0.0,0.0,0.010126052498360183,0.014952091349027752,0.023265809037909424,1.019498688515845,0,MSFT
2025-05-20,452.9587181303489,455.6928353955898,451.69606398891386,455.5238342285156,15441800,0.0,0.0,0.0,0.0,0.0,0.0,0.0,0.0,79.0661905495471,18.585401384256613,16.3065393162214,478.2675863918417,370.58786099585365,25.370568269866517,428.91011541376724,9.705705546432252,21280557.14285714,0.7256294981535796,0.0,0.0,0.0,0.0,0.0,-0.001525411472787952,0.01112264340614355,0.021977863977562073,1.008848364476282,0,MSFT
2025-05-21,451.944595050179,455.1360468945702,449.2005259832327,449.9561462402344,19216900,0.0,0.0,0.0,0.0,0.0,0.0,0.0,0.0,72.22519396487138,17.933621907653674,16.631955834507856,477.42253522462863,379.2739644091604,22.913265282961632,430.9144993020022,9.464105739207302,20765557.14285714,0.9254218351955058,0.0,0.0,0.0,0.0,0.0,-0.012222605207279247,-0.003742344022939048,0.0010174363442030376,1.013213521730291,1,MSFT
2025-05-22,452.32244757902833,457.5918252828005,451.2784936511554,452.2329406738281,18025600,0.0,0.0,0.0,0.0,0.0,0.0,0.0,0.0,73.24465974362886,17.400221339118616,16.78560893543001,477.4505874109527,386.0334579992035,21.174017029654774,432.9448270516999,9.333503832304363,19966528.57142857,0.9027908850311629,0.0,0.0,0.0,0.0,0.0,0.005060036300466919,-0.008738806998992432,0.003817873073281852,1.0139898792441135,0,MSFT
2025-05-23,447.3811598733088,451.0697243423277,446.3173323563206,447.5799865722656,16883500,0.0,0.0,0.0,0.0,0.0,0.0,0.0,0.0,67.7700979572578,16.41284596433985,16.71105634121198,476.35979939528016,392.99494913987604,19.178557521166606,434.33865176794427,9.089368438390302,19535200.0,0.8642604119742823,0.0,0.0,0.0,0.0,0.0,-0.010288843830415284,-0.017438928678021548,-0.009003450645925115,1.0106480112724212,1,MSFT
2025-05-27,453.8435596609756,458.2877438900054,453.4856231037271,458.02923583984375,20974300,0.0,0.0,0.0,0.0,0.0,0.0,0.0,0.0,72.70422021067009,16.285778635481336,16.626000800065853,475.12155882144646,401.2172931072645,16.866595735548646,436.5948978700299,9.20496764405812,19389771.42857143,1.0817198169285132,0.0,0.0,0.0,0.0,0.0,0.0233461047881125,0.017941947603265174,0.003966243749167653,1.0105893561815957,0,MSFT
2025-05-28,458.5562282330538,459.8487079553447,454.2909966033752,454.718505859375,17086300,0.0,0.0,0.0,0.0,0.0,0.0,0.0,0.0,69.09494063518942,15.736527725421013,16.448106185136886,471.94021775392605,410.765852192363,13.860642323505349,438.3209557737771,8.94444933748036,18423557.14285714,0.9274159092900471,0.0,0.0,0.0,0.0,0.0,-0.007228206676366811,0.005496205521524855,-0.0017679170849633774,1.0122338135545788,1,MSFT
2025-05-29,458.884303233251,459.05333474747385,452.6803520976962,456.0308837890625,13974800,0.0,0.0,0.0,0.0,0.0,0.0,0.0,0.0,69.73630191734439,15.231560405942389,16.20479702929799,465.89376226876385,423.1896911003768,9.606313334605863,440.00761558475665,8.760773145501597,17371885.714285713,0.8044492250203943,0.0,0.0,0.0,0.0,0.0,0.002886132657405671,0.018881311654520117,0.013500732459346798,1.014078328383915,1,MSFT
2025-05-30,457.0648535034259,459.0135248792732,452.9090026922185,457.7011413574219,34770500,0.0,0.0,0.0,0.0,0.0,0.0,0.0,0.0,70.57329900435563,14.795591623702137,15.92295594817882,465.75548543535507,426.8812790910121,8.709972048926215,441.6927132773914,8.571040934183959,20133128.57142857,1.7270291537969757,0.0,0.0,0.0,0.0,0.0,0.0036625974856825394,-0.0007163177735156623,0.012091557672570419,1.0134784739335445,1,MSFT
2025-06-02,454.49978904014216,459.4410555312044,454.2512329224997,459.3018798828125,16626500,0.0,0.0,0.0,0.0,0.0,0.0,0.0,0.0,71.38996042849968,14.413104151052778,15.620985588753612,466.73445909670806,428.63519422360446,8.510287283429708,443.369776763622,8.329525339506871,19763071.42857143,0.8412912972607641,0.0,0.0,0.0,0.0,0.0,0.0034973444039121393,0.010079585423459658,0.02618949386079006,1.0114250050028817,1,MSFT
2025-06-03,458.8047753297213,461.4593680607732,458.1982826150306,460.2961120605469,15743800,0.0,0.0,0.0,0.0,0.0,0.0,0.0,0.0,71.91137486121728,14.028494548186018,15.302487380640095,467.5822217202246,430.5314196371973,8.250804881891822,444.9818086966624,7.967493918523708,19437100.0,0.8099870865509773,0.0,0.0,0.0,0.0,0.0,0.0021646595001703073,0.009352937318730437,0.004949195473399337,1.0071171926423008,1,MSFT
2025-06-04,461.3201414833542,463.00038321908,460.3457906064832,461.1908874511719,14162700,0.0,0.0,0.0,0.0,0.0,0.0,0.0,0.0,72.39890536694037,13.638671448346656,14.969724194181408,467.657307897473,433.57362777147233,7.563806073900873,446.5255304828062,7.591549435667237,19048414.285714287,0.7435107084279231,0.0,0.0,0.0,0.0,0.0,0.0019439125536373503,0.0076245081744832355,0.014233820503004813,1.0057665187056442,1,MSFT
2025-06-05,462.2745901279283,466.9375052091058,461.3499686746429,464.9788818359375,20131700,0.0,0.0,0.0,0.0,0.0,0.0,0.0,0.0,74.42287079359275,13.480004224768948,14.671780200298917,467.69013435233643,437.0329247296948,6.777147838753591,448.28299251643773,7.459768601543428,18928042.85714286,1.0635912097167997,0.0,0.0,0.0,0.0,0.0,0.008213506571433937,0.012360066879267828,0.019621473818895785,1.0121112754174768,1,MSFT
2025-06-06,467.37496597576217,470.6061954238558,466.0725343793748,467.6632995605469,15285600,0.0,0.0,0.0,0.0,0.0,0.0,0.0,0.0,75.77838872805633,13.416215600569842,14.420667280353104,468.48119882309174,439.52408376968174,6.3781820675589245,450.12873604444815,7.328878957713063,18670800.0,0.8186901471816955,0.0,0.0,0.0,0.0,0.0,0.005773203535631932,0.016005322024164492,0.021765639853070562,1.0097273722651734,1,MSFT
2025-06-09,466.9872502760202,470.69568816704816,465.9134708467471,470.0196228027344,16469900,0.0,0.0,0.0,0.0,0.0,0.0,0.0,0.0,76.93395804283784,13.401316218017769,14.216797067886038,469.1395358421994,442.3280331275272,5.883150125676653,452.023106211904,7.146974555040778,19027242.85714286,0.8655957210225639,0.0,0.0,0.0,0.0,0.0,0.005038503650813819,0.01914334300999654,0.023334855330129356,1.010264174829738,0,MSFT
2025-06-10,468.4686249933991,470.06931180763127,464.2630446113778,468.2001953125,15375900,0.0,0.0,0.0,0.0,0.0,0.0,0.0,0.0,73.99834020335484,13.091781845366881,13.991794023382207,470.4987663166539,443.2041450602992,5.974506793509424,453.56378136434176,7.051209743698828,16256585.714285715,0.9458259114328171,0.0,0.0,0.0,0.0,0.0,-0.0038709607045448458,0.006927870495630595,0.017171735856229553,1.0125064169195586,1,MSFT
2025-06-11,467.30536072753216,472.72389606625393,466.9474544926898,469.8903503417969,16399200,0.0,0.0,0.0,0.0,0.0,0.0,0.0,0.0,74.9544091164923,12.834902246961917,13.76041566809815,471.8315048336787,444.287672412415,6.013154861371206,455.11869269552795,6.960154874403491,16224114.285714285,1.0107916963109587,0.0,0.0,0.0,0.0,0.0,0.0036098981722312296,0.0047620815730948785,0.018863041589359364,1.012370645814613,1,MSFT
2025-06-12,472.2764779222473,477.6453141185156,470.7851412769109,476.104248046875,18950600,0.0,0.0,0.0,0.0,0.0,0.0,0.0,0.0,78.13725145245766,12.983072153494618,13.604946965177444,474.65589285022816,444.12382821910774,6.646220836390514,457.1173170147039,7.0169269388545805,16682228.57142857,1.1359753236121244,0.0,0.0,0.0,0.0,0.0,0.013224144102040203,0.01294547067600682,0.02392660536971003,1.0145717700923989,0,MSFT
2025-06-13,473.6584649544854,476.4124557062983,470.0295518485209,472.2168273925781,16814500,0.0,0.0,0.0,0.0,0.0,0.0,0.0,0.0,71.9748925197408,12.641096818344181,13.412176935810791,476.14309326833234,444.8070165949489,6.805162698343217,458.55536562212046,6.971639575920498,17061057.14285714,0.9855485424617801,0.0,0.0,0.0,0.0,0.0,-0.008165061896095782,0.008578877412465102,0.009736765395766733,1.0135797926591528,1,MSFT
2025-06-16,472.4653860858625,477.91374692205306,472.2566074497181,476.3727111816406,15626100,0.0,0.0,0.0,0.0,0.0,0.0,0.0,0.0,74.30769746830597,12.560632834452463,13.241868115539125,478.2743260426511,445.14841870832544,7.174592032224394,460.2522556754081,6.880588144031529,16417400.0,0.951801137817194,0.0,0.0,0.0,0.0,0.0,0.008800795626047186,0.013795475551112046,0.013516644988187165,1.0119789525082237,0,MSFT
2025-06-17,472.6542856879232,475.97499162724574,471.3419021646973,475.279052734375,15414100,0.0,0.0,0.0,0.0,0.0,0.0,0.0,0.0,72.59515335105876,12.267206727810105,13.046935837993322,480.0276228215168,445.30105149488946,7.5057808734354525,461.6833792048335,6.748461063525231,16435757.142857144,0.9378393624353869,0.0,0.0,0.0,0.0,0.0,-0.0022958041499749893,-0.001733224006896017,0.015119296174471275,1.009829572633518,1,MSFT
2025-06-18,475.2392860574369,478.2219594008936,471.71972301658775,477.4663391113281,17526500,0.0,0.0,0.0,0.0,0.0,0.0,0.0,0.0,73.8911512744098,12.072001634695539,12.851948997333766,481.9353846473298,445.5875401573577,7.837616412042002,463.18651824354725,6.730873586438131,16586700.0,1.0566598539793932,0.0,0.0,0.0,0.0,0.0,0.0046021097802841915,0.011116740052945717,0.0161228864649392,1.0137841096461366,0,MSFT
2025-06-20,479.4448824655413,480.667759158903,474.1158234691147,474.6427612304688,37576200,0.0,0.0,0.0,0.0,0.0,0.0,0.0,0.0,69.33293112369296,11.55624782327294,12.592808762521601,482.59580287174686,447.3957834319641,7.569965139079731,464.27758900420645,6.718092308106001,19758171.42857143,1.9018055459151801,0.0,0.0,0.0,0.0,0.0,-0.0059136689847385515,-0.0036315051441143664,-0.003069678169017931,1.0138192723496289,1,MSFT
2025-06-23,475.4480376949825,484.9329468840925,469.7809768690432,483.1930541992188,24864000,0.0,0.0,0.0,0.0,0.0,0.0,0.0,0.0,74.46905669094974,11.702546722676573,12.414756354552596,484.81467831147825,448.2729193447717,7.832439110431419,466.0790618799219,7.320512144316237,20967428.57142857,1.1858392608944486,0.0,0.0,0.0,0.0,0.0,0.018014164898636942,0.01665127343465489,0.02324403996199731,1.0322532643106004,1,MSFT
2025-06-24,486.1260537385937,489.009298556199,483.9884469122188,487.2793273925781,22305600,0.0,0.0,0.0,0.0,0.0,0.0,0.0,0.0,76.49511775360601,12.009776522845641,12.333760388211205,486.75325089324764,450.3042808450336,7.7794519148892975,468.0981347858891,7.213064445220804,21446714.285714287,1.0400474265122195,0.0,0.0,0.0,0.0,0.0,0.008456812774619404,0.020552209606051308,0.022895132225109416,1.0103739080467984,1,MSFT
2025-06-25,489.1981971647186,491.70363180611855,486.5635084927723,489.4268493652344,17495100,0.0,0.0,0.0,0.0,0.0,0.0,0.0,0.0,77.50543589592021,12.28493237523736,12.323994785616437,489.78548747120936,450.4118056196109,8.37562118949753,470.1294409363029,7.064997221515478,21543942.85714286,0.8120658375307345,0.0,0.0,0.0,0.0,0.0,0.004407168233767633,0.031147821777454565,0.029767347307785297,1.0105641364870719,1,MSFT
2025-06-26,490.1327808219991,495.1635541172166,489.9637493151316,494.5769653320313,21578900,0.0,0.0,0.0,0.0,0.0,0.0,0.0,0.0,79.7530593591118,12.77134655465926,12.413465139425002,493.16792144108666,451.0152175969993,8.928925353831595,472.45777659303894,6.97011918797739,22394342.85714286,0.9635871049065963,0.0,0.0,0.0,0.0,0.0,0.01052274915746132,0.023559757396924397,0.035836298434251734,1.0106126316678596,0,MSFT
2025-06-27,494.6763704185467,496.4162632322767,490.1824867596744,493.07568359375,34539200,0.0,0.0,0.0,0.0,0.0,0.0,0.0,0.0,77.32751129354443,12.887137507509749,12.50819961304195,495.55322694457084,452.33439207398385,9.118978664440386,474.4213867835829,6.917523279736312,25126500.0,1.3746124609476051,0.0,0.0,0.0,0.0,0.0,-0.003035486574417101,0.011895346006546292,0.03883535970399188,1.0127172566156135,1,MSFT
2025-06-30,494.1693427257206,497.86785899517616,492.4691970236715,494.5372009277344,28369000,0.0,0.0,0.0,0.0,0.0,0.0,0.0,0.0,78.02808978711224,12.94758322647101,12.596076335727764,497.8185575776031,453.7526673979828,9.261711372314956,476.3371786068354,6.809033186291196,26675428.57142857,1.063488068206161,0.0,0.0,0.0,0.0,0.0,0.0029640831673793944,0.010441502277874326,0.023477462330901755,1.010962435831789,0,MSFT
2025-07-01,493.602615314542,495.1734765998455,488.14433277768,489.2081298828125,19945400,0.0,0.0,0.0,0.0,0.0,0.0,0.0,0.0,69.5849297202241,12.422279096985676,12.561316887979347,498.68646020570765,455.87538976987827,8.969784501009405,477.5629834902618,6.824755374567933,24156742.85714286,0.8256659483421369,0.0,0.0,0.0,0.0,0.0,-0.010775874969415344,-0.010855409421695272,0.003958309704118479,1.0143997243236804,0,MSFT
2025-07-02,487.1600396387865,490.6497772469701,485.8775119148357,488.2536926269531,16319600,0.0,0.0,0.0,0.0,0.0,0.0,0.0,0.0,68.16234183038667,11.793014153508523,12.407656341085183,499.09360812372125,458.26399990850535,8.52964615785275,478.58114626518477,6.678148942965537,22936114.285714287,0.7115241839444718,0.0,0.0,0.0,0.0,0.0,-0.0019509840445374182,-0.009779413439438112,-0.0023970011857804563,1.0098219514488889,1,MSFT
2025-07-03,490.9580057562307,497.2415119784696,490.5901475399693,495.9589538574219,13984800,0.0,0.0,0.0,0.0,0.0,0.0,0.0,0.0,72.96719098351309,11.780271698758895,12.282179412619925,500.49782766765213,460.3365870051995,8.359659073228949,480.23617555968355,6.843125400719175,21747428.57142857,0.6430553365915183,0.0,0.0,0.0,0.0,0.0,0.015781265655180343,0.0028749160366912108,0.002794284049324469,1.013557884258078,0,MSFT
2025-07-07,494.5073652747992,495.8694479262707,492.36978876052433,494.8453979492188,13981600,0.0,0.0,0.0,0.0,0.0,0.0,0.0,0.0,71.29266144582735,11.547209512773463,12.135185432650633,501.6152884833628,462.20577780081686,8.177764952675599,481.6275300729726,6.610699664731916,21245500.0,0.6580970087783296,0.0,0.0,0.0,0.0,0.0,-0.0022452582003856802,0.011523250988810574,0.0035891333001261128,1.0071077861510478,0,MSFT
2025-07-08,494.36815380384166,495.3226311177228,491.25622643335066,493.7517395019531,11846600,0.0,0.0,0.0,0.0,0.0,0.0,0.0,0.0,69.60319819616642,11.145775393911663,11.93730342490284,502.42217817476916,464.0077321035512,7.949763487795007,482.78221668525646,6.42896430899193,19855171.42857143,0.596650602721709,0.0,0.0,0.0,0.0,0.0,-0.002210101279708998,0.011260635522117202,-0.0015882757137536396,1.00827756365328,1,MSFT
2025-07-09,497.4104769193033,503.8530622357068,496.8537136582796,500.6019592285156,18659500,0.0,0.0,0.0,0.0,0.0,0.0,0.0,0.0,73.79246125070522,11.250700374199653,11.799982814762203,504.3706571671005,465.11748675379795,8.09771025245364,484.47933502270973,6.691275625046338,17586642.85714286,1.0610040899546327,0.0,0.0,0.0,0.0,0.0,0.013873813859313744,0.009361672644443209,0.023290351590094183,1.0140873427832344,0,MSFT
2025-07-10,500.1445884984204,501.5265750230592,494.8752111441128,498.5836791992188,16492100,0.0,0.0,0.0,0.0,0.0,0.0,0.0,0.0,70.70077429083375,11.043691050160078,11.648724461841777,505.22474031371604,467.3017519958543,7.79885969539023,485.82260589666294,6.688424786039198,15889942.857142856,1.037895488251329,0.0,0.0,0.0,0.0,0.0,-0.004031706213070363,0.007554442792622629,0.021157006548557122,1.0134404870746485,1,MSFT
2025-07-11,495.5910607887764,502.1131707269345,494.9249170598048,500.4130554199219,16459500,0.0,0.0,0.0,0.0,0.0,0.0,0.0,0.0,71.85194110012392,10.901583374570748,11.499296244387573,506.1374325987679,469.4413302186149,7.52293997753251,487.2121725179257,6.724126848974237,15391957.142857144,1.0693571874736063,0.0,0.0,0.0,0.0,0.0,0.0036691458164881396,0.013491225215100933,0.00898078667167379,1.0145239276087228,0,MSFT
2025-07-14,498.6234399223271,501.0593019842245,498.1362796464767,500.1147766113281,12058800,0.0,0.0,0.0,0.0,0.0,0.0,0.0,0.0,71.3596309781076,10.642216562815861,11.327880308073231,507.2644949101635,470.7153207636647,7.4744230015251185,488.44099195539263,6.452619383886634,14783271.42857143,0.8157057832743381,0.0,0.0,0.0,0.0,0.0,-0.0005960652012634293,-0.0009731935886513332,0.01064853524746745,1.0058679169881428,1,MSFT
2025-07-15,500.1147739294682,505.36427783294863,499.88612172349406,502.8986206054688,14927200,0.0,0.0,0.0,0.0,0.0,0.0,0.0,0.0,73.20491243671019,10.539803150713453,11.170264876601276,508.04455744886695,473.0034375462502,7.1436097074519065,489.8179089696856,6.383014864284344,14917900.0,1.0006234121424598,0.0,0.0,0.0,0.0,0.0,0.005566410200881222,0.008654397619232812,0.018525263551966598,1.0109588081592806,0,MSFT
2025-07-16,502.2622763844125,503.7933904598671,498.99129994586445,502.6997375488281,15154400,0.0,0.0,0.0,0.0,0.0,0.0,0.0,0.0,72.84382338824659,10.323587690551278,11.000929439391278,508.859069276464,474.82162835537196,6.92042468720502,491.0447497867468,6.27009169640708,15085442.857142856,1.0045711049725328,0.0,0.0,0.0,0.0,0.0,-0.0003954734582513053,0.004569589270582375,0.004190511606357639,1.0096235956709538,1,MSFT
2025-07-17,502.7594088608256,510.40499725185873,502.6997578215743,508.7446594238281,17503100,0.0,0.0,0.0,0.0,0.0,0.0,0.0,0.0,76.61883152688308,10.518756380560376,10.904494827625097,510.2687243649489,476.7585339358323,6.790124618606005,492.7304554664688,6.37260369688019,15893514.285714285,1.1012731158981293,0.0,0.0,0.0,0.0,0.0,0.01202491551810847,0.01725580449946773,0.020379688803550566,1.0153277166149328,0,MSFT
2025-07-18,511.5085942033365,511.6677041033988,504.499323712682,507.1041870117188,21209700,0.0,0.0,0.0,0.0,0.0,0.0,0.0,0.0,73.6275814363211,10.4209305591678,10.807781973933638,511.03879878056745,478.95224431025287,6.48219086308865,494.09938228030217,6.429444889297093,16257828.57142857,1.3045838136879992,0.0,0.0,0.0,0.0,0.0,-0.0032245496472970148,0.008362652498801193,0.01337121707622524,1.0142088999009229,1,MSFT
2025-07-21,503.7834473494323,509.132409924825,502.630143381304,507.1141052246094,14066800,0.0,0.0,0.0,0.0,0.0,0.0,0.0,0.0,73.63428345998679,10.22632055016868,10.691489689180647,510.5247676651384,482.713409825096,5.6001387120091595,495.3388797035695,6.434646436027376,15911357.142857144,0.8840729218572537,0.0,0.0,0.0,0.0,0.0,1.955853085933157e-05,0.008781320828424866,0.013995444527168832,1.0129364834742678,0,MSFT
2025-07-22,508.018867615488,508.2475501614973,502.3517761230469,502.3517761230469,13868600,0.0,0.0,0.0,0.0,0.0,0.0,0.0,0.0,65.08190492785172,9.577408158376159,10.468673383019752,510.23476556223756,484.9192841203796,5.087751278293405,496.0067746006626,6.396155550486166,15541228.57142857,0.8923747525016408,0.0,0.0,0.0,0.0,0.0,-0.009391040502518044,-0.012565995892755755,-0.0010873851309505245,1.01173634556237,1,MSFT
2025-07-23,503.8232561388069,503.8630336136484,497.8082101606056,502.9483337402344,16396600,0.0,0.0,0.0,0.0,0.0,0.0,0.0,0.0,65.62057534898878,9.007445403119164,10.176427787039636,510.2904751531363,486.43047516424656,4.787699100995534,496.667875471098,6.371774686383068,16160914.285714285,1.0145836869201177,0.0,0.0,0.0,0.0,0.0,0.0011875296267318536,-0.008195265150489517,0.0004945222223875501,1.0121629642289132,1,MSFT
2025-07-24,505.8315529966592,510.7032466418327,504.370041868975,507.9293823242188,16107000,0.0,0.0,0.0,0.0,0.0,0.0,0.0,0.0,69.80859724029078,8.855593041419468,9.912260837915603,511.17056396532945,487.4006396479518,4.7607870588231185,497.74039993329995,6.470570273184159,16329457.142857144,0.9863769419331584,0.0,0.0,0.0,0.0,0.0,0.009903698351960477,0.0016076797927919717,-0.001602527091945638,1.0125566632573766,1,MSFT
2025-07-25,509.51021364184703,515.2966076642933,507.4124144561098,510.74310302734375,19125700,0.0,0.0,0.0,0.0,0.0,0.0,0.0,0.0,71.89160674411625,8.86015830653173,9.701840331638829,512.7611696734855,487.4266477093269,5.065952918813052,498.9787526089232,6.571543339969829,16896785.714285713,1.1319135084863987,0.0,0.0,0.0,0.0,0.0,0.005539590346692824,0.016704085270799363,0.007175874522094672,1.015538037666332,0,MSFT
2025-07-28,511.110930710653,512.0256002286585,507.1737799777055,509.5400390625,14308000,0.0,0.0,0.0,0.0,0.0,0.0,0.0,0.0,69.6780218215866,8.666793701586187,9.494831005628301,513.7912683730007,488.0429845566868,5.140228284472715,499.9845894140258,6.448705976468625,16440342.857142856,0.8702981515852989,0.0,0.0,0.0,0.0,0.0,-0.0023555168101395685,0.013106128164787068,0.004783802723878461,1.0095663862023116,1,MSFT
2025-07-29,512.5525759685828,514.6304711522027,508.60547322287385,509.6096496582031,16469200,0.0,0.0,0.0,0.0,0.0,0.0,0.0,0.0,69.73608681692423,8.422083318433238,9.280281468189289,514.7261326446987,488.6153651580357,5.204761797223435,500.90126181823314,6.418441115958644,15763128.57142857,1.044792594653527,0.0,0.0,0.0,0.0,0.0,0.0001366145746488634,0.00330807272124245,0.014447791129892362,1.0118461130415102,1,MSFT
2025-07-30,512.1946027794743,512.9701269930791,506.4977159897069,510.2757568359375,26380400,0.0,0.0,0.0,0.0,0.0,0.0,0.0,0.0,70.32175089462598,8.187517256711772,9.061728625893785,514.9613870242065,490.48687347384043,4.8683785157164925,501.79407086753827,6.422296107916759,17522214.285714287,1.505540314131857,0.0,0.0,0.0,0.0,0.0,0.001307092944925925,-0.0009150318205691788,0.014568938008427068,1.0127787565452788,1,MSFT
2025-07-31,552.0232408256204,552.2420017670738,528.8280273057109,530.4187622070312,51617300,0.0,0.0,0.0,0.0,0.0,0.0,0.0,0.0,81.79488013331033,9.517284819077531,9.152839864530534,520.4365926896472,489.2281747664075,6.181936604933193,504.52023194748995,8.961149595289585,22914885.714285713,2.252566329310579,0.0,0.0,0.0,0.0,0.0,0.03947474498101644,0.04097562810362443,0.04427658778057686,1.0442752147246301,0,MSFT
2025-08-01,531.9101275902764,532.7054950837879,517.8517780654563,521.0830078125,28977600,0.0,0.0,0.0,0.0,0.0,0.0,0.0,0.0,68.56499965541663,9.705933871292302,9.263458665882888,522.6490260799626,489.52814677159995,6.544482566239394,506.097639172729,9.382047268364017,24712171.42857143,1.1726043615291943,0.0,0.0,0.0,0.0,0.0,-0.01760072429505677,0.022514012758573232,0.020244825086953133,1.0286833369073691,1,MSFT
2025-08-04,525.218957545317,535.141297909759,525.0797515616827,532.54638671875,25349000,0.0,0.0,0.0,0.0,0.0,0.0,0.0,0.0,74.10377944557469,10.657584478839055,9.542283828474122,527.3322437130264,488.61502801548914,7.621894713426306,508.61656751044524,9.716064613285088,26032457.14285714,0.9737459610859411,0.0,0.0,0.0,0.0,0.0,0.021999141661465993,0.04364430327026669,0.045151206760079665,1.0191619393399793,0,MSFT
2025-08-05,534.077432699505,534.196734767709,524.194840165689,524.701904296875,19171600,0.0,0.0,0.0,0.0,0.0,0.0,0.0,0.0,65.58735884412053,10.655955052478589,9.765018073275016,529.0324509940305,490.0098372139774,7.658683890081653,510.1485043472481,9.736481041051869,26039014.285714287,0.7362644295839594,0.0,0.0,0.0,0.0,0.0,-0.01473013922826194,-0.010778008467062561,0.02961532351044438,1.0190804903742634,0,MSFT
2025-08-06,527.8338028961505,528.6291703469228,521.0034855448089,521.908203125,21355700,0.0,0.0,0.0,0.0,0.0,0.0,0.0,0.0,62.818476621797,10.310383698428609,9.874091198305734,530.3583811099419,490.8145314877144,7.7447901593151265,511.26847565941495,9.58570988112773,27045828.57142857,0.789611601049647,0.0,0.0,0.0,0.0,0.0,-0.005324358743501567,0.0015836158541500112,0.02279639221191254,1.0146365331781606,0,MSFT
2025-08-07,523.757448292983,525.0400367197672,514.5608717763297,517.8319091796875,16079100,0.0,0.0,0.0,0.0,0.0,0.0,0.0,0.0,58.910539497780675,9.596965215163152,9.818666001677219,530.7558991413907,492.3418364543124,7.509363250562096,511.89356456610756,9.64952809986414,26990100.0,0.5957406604643924,0.0,0.0,0.0,0.0,0.0,-0.007810365732719093,-0.027630414750768995,-0.02373002978810712,1.0203652580641471,1,MSFT
2025-08-08,519.5817267008259,521.629826851029,516.4101479520375,519.0249633789062,15531000,0.0,0.0,0.0,0.0,0.0,0.0,0.0,0.0,59.70073875179074,9.023824399833927,9.659697681308561,531.2364128256603,493.7225135659413,7.320078550227917,512.5727454054218,9.333110299801804,25440185.714285713,0.6104908263809845,0.0,0.0,0.0,0.0,0.0,0.0023039410628609147,-0.010819364045526192,-0.00394955199601188,1.010107622632304,0,MSFT
2025-08-11,519.2834381856256,524.5429245664681,516.7183220142601,518.7565307617188,20194400,0.0,0.0,0.0,0.0,0.0,0.0,0.0,0.0,59.42383639125294,8.450533416654139,9.417864828377677,531.4573601126083,495.36574169403224,7.029763618499577,513.1616773441167,9.225359746402242,20951200.0,0.9638779640306999,0.0,0.0,0.0,0.0,0.0,-0.0005171863323104597,-0.006038748470344357,-0.025894187437824012,1.0151428780804719,1,MSFT
2025-08-12,520.7250669698358,527.9132904806338,519.6811434112465,526.183349609375,18667000,0.0,0.0,0.0,0.0,0.0,0.0,0.0,0.0,64.35049715565813,8.497524224897234,9.23379670768159,532.7622898132596,496.38928489377156,7.068541857858469,514.4018366074746,9.220459744438871,19478257.14285714,0.9583506297864726,0.0,0.0,0.0,0.0,0.0,0.014316578986969253,0.01612770530676122,0.002823403727655993,1.0158407653880812,0,MSFT
2025-08-13,529.0368026236954,529.6234217995657,516.3703917601634,517.5734252929688,19619200,0.0,0.0,0.0,0.0,0.0,0.0,0.0,0.0,55.879824552605946,7.750670932896867,8.937171552724646,532.7012340419883,497.93770943945697,6.7460141735187955,514.7038926727597,9.508500479793398,18659714.285714287,1.05142017179868,0.0,0.0,0.0,0.0,0.0,-0.016362973710205786,-0.002796663336745553,-0.008305632688040077,1.0256657435261274,1,MSFT
2025-08-14,519.5418962511537,522.9123315064297,517.1358902118243,519.4623413085938,20269100,0.0,0.0,0.0,0.0,0.0,0.0,0.0,0.0,57.21058634564653,7.227885489608525,8.595314340101423,533.0531468529572,498.6575648169647,6.667679543681385,515.1570782571249,9.241924823708542,18816500.0,1.0771982037041958,0.0,0.0,0.0,0.0,0.0,0.003649561440593363,0.0013605815156458867,0.0031485740836039167,1.011170064588322,0,MSFT
2025-08-15,519.7507304052322,523.0614541020369,516.0820397908819,517.1657104492188,25213300,0.0,0.0,0.0,0.0,0.0,0.0,0.0,0.0,55.03697987877207,6.552719669308772,8.186795405942894,533.0850122923662,499.63185172130585,6.478670337781459,515.3483765611338,9.080316929954716,19367585.714285713,1.3018297877676326,0.0,0.0,0.0,0.0,0.0,-0.004421169114183443,-0.017137826894086827,-0.003582203286685015,1.0135238465457606,0,MSFT
2025-08-18,518.5775217659684,519.8003983365775,511.0512359172718,514.1134033203125,23760600,0.0,0.0,0.0,0.0,0.0,0.0,0.0,0.0,52.198509669211596,5.705579843471014,7.690552293448518,532.9319939708218,500.4847998524204,6.27959489575535,515.230760062008,9.056663036336927,20464942.85714286,1.1610391568577902,0.0,0.0,0.0,0.0,0.0,-0.005901990536563151,-0.006685084286732312,-0.008950494434428635,1.017119932023258,0,MSFT
2025-08-19,512.0256106523992,512.1846598699071,505.6128505766311,506.8258056640625,21481000,0.0,0.0,0.0,0.0,0.0,0.0,0.0,0.0,46.086993515157616,4.395498630211023,7.031541560801019,532.4664326838983,501.39776409344546,6.010203020338063,514.4302882145846,9.016940872575818,21314942.85714286,1.0077906445243645,0.0,0.0,0.0,0.0,0.0,-0.014175078123200624,-0.02432618236135875,-0.03678859082044894,1.0129977101764347,0,MSFT
2025-08-20,506.925219770199,508.0486982628479,501.5265882427872,502.7991943359375,27723000,0.0,0.0,0.0,0.0,0.0,0.0,0.0,0.0,43.08534108417866,2.9977794126758113,6.224789131175977,532.4859389290892,501.36334390782474,6.020721886243058,513.3225649880468,8.838738668824735,22390457.14285714,1.2381614106009449,0.0,0.0,0.0,0.0,0.0,-0.007944763828371282,-0.027779328410621584,-0.028545188440979974,1.0130045149608367,0,MSFT
2025-08-21,501.6041452591809,505.5278315490841,500.6381609615915,502.15185546875,18443300,0.0,0.0,0.0,0.0,0.0,0.0,0.0,0.0,42.604923964262134,1.8168979575359572,5.343210896447974,533.0456488582529,500.22588129311436,6.352593022732497,512.2586878909709,8.556662377301013,22358500.0,0.8248898629156697,0.0,0.0,0.0,0.0,0.0,-0.001287469977040212,-0.023266360640105677,-0.033323851342594635,1.0097668754976665,1,MSFT
2025-08-22,502.1618461633245,508.6150227226763,500.32946944945456,505.1295166015625,24324200,0.0,0.0,0.0,0.0,0.0,0.0,0.0,0.0,45.609218519680034,1.1085347658695923,4.496275670332298,533.3404682881583,499.3697032206308,6.5789542903206195,511.5797191967415,8.537297441295351,23030642.85714286,1.0561667840051607,0.0,0.0,0.0,0.0,0.0,0.005929802111420912,-0.003346887714759217,-0.023273379507704473,1.0165601943901863,0,MSFT
2025-08-25,504.5319946732823,506.0855321115255,502.0323791323648,502.17181396484375,21638600,0.0,0.0,0.0,0.0,0.0,0.0,0.0,0.0,43.19084438374394,0.3049743937903031,3.658015415023899,533.8445685482538,498.1287804507696,6.9218431138996435,510.683728222275,8.217001408285734,23226285.714285713,0.9316427200708557,0.0,0.0,0.0,0.0,0.0,-0.005855335195253941,-0.0012477752115779284,-0.023227539446250667,1.0080734891764662,0,MSFT
2025-08-26,502.2713680297872,502.8888260614156,496.4456179190968,499.96099853515625,30835700,0.0,0.0,0.0,0.0,0.0,0.0,0.0,0.0,41.42280074480255,-0.5044325347801077,2.8255258250630977,534.5096249710367,496.49885891568204,7.373511789555959,509.6625158711209,8.090301889288098,24029485.714285713,1.283244276079864,0.0,0.0,0.0,0.0,0.0,-0.00440250800265396,-0.004362937047297399,-0.013544707179840021,1.0129786786502946,1,MSFT
2025-08-27,499.9211487290224,505.1892506185915,497.8298390405613,504.6415100097656,17277900,0.0,0.0,0.0,0.0,0.0,0.0,0.0,0.0,46.423188259658986,-0.7594606086510112,2.108528538320276,534.6909531223121,495.75410608178964,7.557287347390765,509.1843248367061,8.03809543848396,23103385.714285713,0.7478514280838245,0.0,0.0,0.0,0.0,0.0,0.00936175319339494,-0.0009661019120009717,0.0036641181898895425,1.014782986074546,1,MSFT
2025-08-28,504.9900522378754,508.9734875719172,503.4066403395377,507.5295104980469,18015600,0.0,0.0,0.0,0.0,0.0,0.0,0.0,0.0,49.299123847469644,-0.7202323015512775,1.5427763703459654,532.5017405763524,495.6543934568508,7.167655942479967,509.02672347111945,7.861577709476498,22608328.57142857,0.7968567841307533,0.0,0.0,0.0,0.0,0.0,0.005722875409566175,0.01066905067988988,0.010709220668470687,1.0110583508167965,0,MSFT
2025-08-29,506.5535790393771,507.4896888132377,502.40083415821226,504.59173583984375,20961600,0.0,0.0,0.0,0.0,0.0,0.0,0.0,0.0,46.56113456054154,-0.9156424917823074,1.0510925979203107,531.8248895711807,494.6821172647568,7.2367303991253324,508.60434369671225,7.666370468787791,21642414.285714287,0.9685425906404684,0.0,0.0,0.0,0.0,0.0,-0.005788381951071675,0.009262197087883228,-0.0010646393529660791,1.0101290728618155,0,MSFT
2025-09-02,498.3974910813857,503.90458943006223,494.75264396148896,503.0282287597656,18128000,0.0,0.0,0.0,0.0,0.0,0.0,0.0,0.0,45.12474141142475,-1.1830311829178868,0.6042678417526712,528.5898335124588,494.9653575275803,6.570134425426047,508.0732851312888,7.821564855185435,21597371.42857143,0.8393614037687126,0.0,0.0,0.0,0.0,0.0,-0.0030985586346867766,-0.003196885745623268,0.0017054218717695857,1.0184980223557647,1,MSFT
2025-09-03,501.70375627159575,505.68719181229375,500.2398424947412,503.2572937011719,16345100,0.0,0.0,0.0,0.0,0.0,0.0,0.0,0.0,45.39054513973046,-1.360768923576643,0.2112604886868084,526.8039422635014,494.6067877169673,6.304448073920235,507.6146192808015,7.651978031068801,20457500.0,0.7989783697910302,0.0,0.0,0.0,0.0,0.0,0.00045537194199019027,-0.008417671698898066,0.006593104613506817,1.010889475117348,1,MSFT
2025-09-04,502.2116394820944,506.0457023892234,501.0664078062513,505.866455078125,15509500,0.0,0.0,0.0,0.0,0.0,0.0,0.0,0.0,48.4533007808049,-1.2763765715315571,-0.0862669233568647,525.2712021970272,494.5353529787541,6.0277802809328325,507.44812745197515,7.461072070490466,19581914.285714287,0.7920318603025823,0.0,0.0,0.0,0.0,0.0,0.005184547565648234,0.0025262388337763397,0.0024273569337085465,1.0099373945357308,0,MSFT
2025-09-05,506.9619070760115,509.8498918622262,490.3310509759443,492.9501647949219,31994800,0.0,0.0,0.0,0.0,0.0,0.0,0.0,0.0,37.300564147436106,-2.2260709442699067,-0.5142277275394731,525.2390293801249,492.0793513571798,6.519036449319334,506.06736910368437,8.322341271618422,19747500.0,1.6201949613875175,0.0,0.0,0.0,0.0,0.0,-0.025533004123011738,-0.02003478808672743,-0.02872610439699963,1.0398074746590737,1,MSFT
2025-09-08,496.0472478127919,499.1244784694731,492.9800158612091,496.1369018554688,16771000,0.0,0.0,0.0,0.0,0.0,0.0,0.0,0.0,40.914121041286585,-2.69055251415773,-0.9494926848631245,524.2337621397849,490.7958124451761,6.588566586009338,505.12161031814003,8.168910728970765,19675085.714285713,0.8523978113001505,0.0,0.0,0.0,0.0,0.0,0.00646462317721852,-0.014148611326299187,-0.016755791630837402,1.0124639182331356,1,MSFT
2025-09-09,499.3535217605099,500.17013335375145,495.6389875077243,496.3460388183594,14410500,0.0,0.0,0.0,0.0,0.0,0.0,0.0,0.0,41.15381595503546,-3.007117718435836,-1.361017691577667,522.9524826389949,489.8360427516301,6.539655427986216,504.2858416038752,7.9090703801890765,19160071.42857143,0.7521109748323336,0.0,0.0,0.0,0.0,0.0,0.0004215307551371783,-0.018820018928306537,-0.013283926347198105,1.0091420286947392,1,MSFT
2025-09-10,500.8971201283455,501.1460848531792,494.6630336933239,498.29791259765625,21611800,0.0,0.0,0.0,0.0,0.0,0.0,0.0,0.0,43.45919694202823,-3.0651647112632077,-1.701847095514775,519.1840402147869,490.8159414746662,5.617445396913508,503.71556265090203,7.807211864450951,19252957.14285714,1.1225184702609692,0.0,0.0,0.0,0.0,0.0,0.003932485859952983,0.010848455248938071,-0.009854563789909898,1.013105994825307,1,MSFT
2025-09-11,500.1701275152439,501.08633106619584,495.8182290284252,498.9352722167969,18881600,0.0,0.0,0.0,0.0,0.0,0.0,0.0,0.0,44.22755139297164,-3.024868970085322,-1.9664514704288845,517.2381766102427,490.89798977159325,5.225521654120084,503.260296895273,7.625846876830928,19360614.285714287,0.975258311609062,0.0,0.0,0.0,0.0,0.0,0.0012790734278176341,0.005640318933872068,-0.013701606010340539,1.0106250672713137,1,MSFT
2025-09-12,504.55191069082485,510.42747218178897,501.7635178992086,507.7884521484375,23624900,0.0,0.0,0.0,0.0,0.0,0.0,0.0,0.0,53.64973007836749,-2.2525902156972393,-2.0236792194825557,514.7742140738882,492.19456339193204,4.4846774174629385,503.6915497765267,7.9020149545567255,20400585.714285713,1.1580500839961878,0.0,0.0,0.0,0.0,0.0,0.01774414523211698,0.02305329837489767,0.030100988727103317,1.0172670072125904,1,MSFT
2025-09-15,506.68306017742736,513.3353599697668,504.9004642300766,513.225830078125,17143800,0.0,0.0,0.0,0.0,0.0,0.0,0.0,0.0,58.30833398665973,-1.188107023814723,-1.8565647803489893,513.720436110412,492.85435331829893,4.145957759175711,504.59957647191703,7.94007786778055,20634057.14285714,0.8308496909409132,0.0,0.0,0.0,0.0,0.0,0.010707959006712509,0.029957816605429066,0.03444397737549143,1.0167060566136588,0,MSFT
2025-09-16,514.7395367165727,515.0880630075219,506.4938265025834,506.9320068359375,19711900,0.0,0.0,0.0,0.0,0.0,0.0,0.0,0.0,51.81631543608158,-0.8426419096218183,-1.6537802062035551,512.2850751407993,493.5715746394741,3.720908044980996,504.82171269706186,7.986803484720405,18879357.14285714,1.0440980511594298,0.0,0.0,0.0,0.0,0.0,-0.012263262823754228,0.016027599298824358,0.02132779792658357,1.0169680972506279,1,MSFT
2025-09-17,508.5054498653079,509.1726886784055,503.8348693472275,507.9079284667969,15816600,0.0,0.0,0.0,0.0,0.0,0.0,0.0,0.0,52.69581130390149,-0.48452430362300447,-1.419929025687445,512.4406700014132,493.5241920591337,3.7608625620446228,505.1156380084652,7.797590330895949,18743014.285714287,0.8438664005103615,0.0,0.0,0.0,0.0,0.0,0.0019251529153794245,0.00023528758453217336,0.019285683576403256,1.0105943825168229,0,MSFT
2025-09-18,509.3718409712672,510.9453149965379,505.55771489166153,506.3444519042969,18913700,0.0,0.0,0.0,0.0,0.0,0.0,0.0,0.0,51.08699927444946,-0.32314796426641124,-1.2005728134032383,512.7297784254117,493.589609391971,3.8039948877371903,505.2326679033063,7.62544817189455,19386328.57142857,0.9756205219731431,0.0,0.0,0.0,0.0,0.0,-0.003078267683711111,-0.013408090104858217,0.014849981751301256,1.0106567458989937,1,MSFT
2025-09-19,508.445681539448,517.1494779837726,508.1967168320822,515.78515625,52474100,0.0,0.0,0.0,0.0,0.0,0.0,0.0,0.0,59.18918481842556,0.560073707698848,-0.8484435091828211,514.8597599641178,492.82295793139,4.373758057248502,506.2376667934676,7.8525608795789195,23795228.57142857,2.205236223828787,0.0,0.0,0.0,0.0,0.0,0.018644826284158533,0.017464175263503856,0.015748101532692793,1.017616723711831,0,MSFT
2025-09-22,513.4548737162081,515.5959337012963,510.4174557013089,512.319580078125,20009300,0.0,0.0,0.0,0.0,0.0,0.0,0.0,0.0,55.551465916800666,0.9692176739301317,-0.4849112725602306,515.8169013565503,492.5848228866138,4.60770304362041,506.81689663010167,7.675070855944076,23956328.57142857,0.8352406730580586,0.0,0.0,0.0,0.0,0.0,-0.006719030452662422,0.008685927830749618,-0.0017657918734566014,1.0101455738673204,0,MSFT
2025-09-23,511.6722984831285,512.4590659268906,505.2091838485409,507.1212463378906,19799600,0.0,0.0,0.0,0.0,0.0,0.0,0.0,0.0,50.53442650953177,0.8640449539623205,-0.21512002725572035,516.0917748213697,492.8048926590991,4.616306686873137,506.8458823165577,7.644700228973052,23409857.14285714,0.8457804709859705,0.0,0.0,0.0,0.0,0.0,-0.010146662244378102,0.0015341225339240427,0.0003733035188175915,1.0143502578934178,1,MSFT
2025-09-24,508.266442508536,510.35772177145367,504.82077941210207,508.0373840332031,13533700,0.0,0.0,0.0,0.0,0.0,0.0,0.0,0.0,51.368021705281805,0.8448802179559607,-0.003119978213384139,516.40492156364,493.2993844666335,4.576693782330703,506.95935867052395,7.494146095428663,22894128.57142857,0.591142832004962,0.0,0.0,0.0,0.0,0.0,0.0018065456770510746,-0.015021316769033843,0.0002548799873967056,1.0109681348018196,0,MSFT
2025-09-25,506.1950582100621,507.89799878212006,502.94857891661616,504.9303283691406,15786500,0.0,0.0,0.0,0.0,0.0,0.0,0.0,0.0,48.3896583839178,0.5723805545162577,0.11198012833254424,516.4189952054337,493.3141926607773,4.57641737882895,506.76611768943985,7.322336025511399,22333357.14285714,0.7068574553758472,0.0,0.0,0.0,0.0,0.0,-0.006115801241625585,-0.014423129617372021,-0.0027928093807247922,1.0098408069392806,1,MSFT
2025-09-26,507.94778361103766,511.8117209714621,504.52202659403474,509.3419799804688,16213100,0.0,0.0,0.0,0.0,0.0,0.0,0.0,0.0,52.5927286622105,0.7042874361493432,0.23044158989590405,516.6196663708389,493.2947684436142,4.619182996727851,507.01143790763314,7.320004479219681,22390000.0,0.7241223760607414,0.0,0.0,0.0,0.0,0.0,0.008737149193587257,0.00437909801376879,-0.012491976923834192,1.0144487138185803,1,MSFT
2025-09-29,509.3817950243417,514.7096154882738,506.77264973451184,512.4689331054688,17617800,0.0,0.0,0.0,0.0,0.0,0.0,0.0,0.0,55.36725204876661,1.0490507700652643,0.3941634259297761,517.461018337758,493.2411362032576,4.792684378020192,507.53119935504606,7.364073141686987,22204871.42857143,0.793420491385095,0.0,0.0,0.0,0.0,0.0,0.0061392016521391035,0.00872287987369047,0.0002915231686460018,1.0156617879001955,1,MSFT
2025-09-30,511.11459757878936,516.0142062084105,507.54943619028296,515.8051147460938,19728200,0.0,0.0,0.0,0.0,0.0,0.0,0.0,0.0,58.17945172297277,1.573343646658202,0.6299994700754613,518.8661181885707,493.11372495107776,5.089507150181294,508.31919129705057,7.44269434714703,17526885.714285713,1.1255964306265804,0.0,0.0,0.0,0.0,0.0,0.006510017339799168,0.021537201799854744,0.017123850501063576,1.0166777251919832,1,MSFT
2025-10-01,512.6681599915194,518.3545363078492,509.5710533372991,517.557861328125,22632300,0.0,0.0,0.0,0.0,0.0,0.0,0.0,0.0,59.61899195714113,2.1060048169525203,0.9252005394508731,520.4534543082544,492.95644559408936,5.426631162141755,509.19906463334337,7.538464963104396,17901600.0,1.2642612950797694,0.0,0.0,0.0,0.0,0.0,0.003398079103759999,0.0161303832603219,0.018739717969848524,1.0172370131957558,0,MSFT
2025-10-02,515.496404228155,519.439966484546,508.5652045551738,513.604248046875,21222900,0.0,0.0,0.0,0.0,0.0,0.0,0.0,0.0,55.01851664897943,2.183943935722141,1.1769492187051267,521.1560525448366,493.02762665438223,5.5470081933608055,509.61860591082257,7.776771889266377,18104928.57142857,1.1722167207824232,0.0,0.0,0.0,0.0,0.0,-0.007638978318490808,0.002215382958975498,0.01717844857081574,1.0213832205427502,1,MSFT
2025-10-03,514.9585548343116,518.3345307125708,512.8672756929882,515.20751953125,15112300,0.0,0.0,0.0,0.0,0.0,0.0,0.0,0.0,56.48492647414258,2.3480153986316736,1.411162454690436,521.0897236835001,495.3196909893515,5.0707977163794995,510.15088339848234,7.611806398574678,18330442.85714286,0.82443725543222,0.0,0.0,0.0,0.0,0.0,0.003121608690878075,-0.0011585678345549244,0.01151591618465475,1.0106601752123787,1,MSFT
2025-10-06,516.4623876768178,528.8309994124726,516.0541122577388,526.3811645507812,21388600,0.0,0.0,0.0,0.0,0.0,0.0,0.0,0.0,65.03907819414698,3.3411483081828237,1.7971596253889137,523.6390907600638,495.79475018231904,5.462706741617481,511.696624460606,8.041211647335242,19130742.85714286,1.1180224500280773,0.0,0.0,0.0,0.0,0.0,0.02168765904212222,0.017047955179377405,0.027147463088165846,1.0247588127896798,0,MSFT
2025-10-07,526.1022689962125,527.6060256392368,519.2806599401652,521.8101196289062,14615200,0.0,0.0,0.0,0.0,0.0,0.0,0.0,0.0,59.855313936384526,3.716526368243592,2.1810329739598497,524.4376383851426,497.5426106382949,5.263316541106831,512.6598144766347,8.061508365316415,18902471.42857143,0.773189900338051,0.0,0.0,0.0,0.0,0.0,-0.008683906700529431,0.01597703214729318,0.011642003367431597,1.0160324971471708,1,MSFT
2025-10-08,521.1130687043808,524.7678538085896,520.923853084141,522.676513671875,13363400,0.0,0.0,0.0,0.0,0.0,0.0,0.0,0.0,60.49796464467651,4.037386465813029,2.5523036723304857,525.2470128848447,499.17109624601477,5.090873815370828,513.6137858285623,7.760257819540144,18294700.0,0.7304519888273653,0.0,0.0,0.0,0.0,0.0,0.001660362669058335,0.014497059645830701,0.00989000984472499,1.0073791989015095,0,MSFT
2025-10-09,520.1769452354545,522.158694647609,515.2574000210162,520.2366943359375,18343600,0.0,0.0,0.0,0.0,0.0,0.0,0.0,0.0,57.69688052048223,4.048133017271994,2.8514695413187874,525.236599988394,501.3116513543795,4.661241905135889,514.2445390197408,7.735890378920047,18096900.0,1.0136321690455272,0.0,0.0,0.0,0.0,0.0,-0.004667933745094888,-0.011673043468581334,0.012913534719162234,1.013393877751802,0,MSFT
2025-10-10,517.4881335274953,521.4118200258811,507.5195762105422,508.8440551757813,24133800,0.0,0.0,0.0,0.0,0.0,0.0,0.0,0.0,46.80039871453051,3.1016055902000517,2.9014967510950402,525.2010892021142,501.4527224433937,4.626363140006636,513.7302072250781,8.17562991009282,18311400.0,1.317965857334775,0.0,0.0,0.0,0.0,0.0,-0.02189895346520776,-0.024848242618111693,-0.01235126451814672,1.02737282356489,1,MSFT
2025-10-13,514.2714464494894,514.2714464494894,509.5610534984588,511.9212341308594,14284200,0.0,0.0,0.0,0.0,0.0,0.0,0.0,0.0,49.570718117426566,2.570151305119225,2.8352276618998773,525.1516865611584,501.371665489623,4.633118384307148,513.5579240732477,7.979327150351055,17320157.14285714,0.8247153811702468,0.0,0.0,0.0,0.0,0.0,0.006047390990968848,-0.020577315528218953,-0.027470455619858836,1.0092440207482318,0,MSFT
2025-10-14,508.11707238992415,513.1461778212379,503.9045785101632,511.4432373046875,14684300,0.0,0.0,0.0,0.0,0.0,0.0,0.0,0.0,49.14262645166054,2.0863494682231476,2.6854520231645314,525.0551777286464,501.9192973690099,4.50563882952135,513.3565253333849,8.069489447545598,17259014.285714287,0.8508191578562257,0.0,0.0,0.0,0.0,0.0,-0.0009337311959395356,-0.016902800450234512,-0.019867154610936466,1.018339978847579,0,MSFT
2025-10-15,512.8274957075639,515.0482414945574,507.888013925759,511.3038024902344,14694700,0.0,0.0,0.0,0.0,0.0,0.0,0.0,0.0,49.009665475739396,1.6724033775564067,2.4828422940429062,524.9897123169178,502.32435018308234,4.412547819831962,513.1610279197515,8.004542170492224,16302742.857142856,0.9013636618553232,0.0,0.0,0.0,0.0,0.0,-0.00027263008733469096,0.00483399047199895,-0.021758603809736488,1.0140980440027572,0,MSFT
2025-10-16,510.4573477017149,514.7096236704256,506.02576365101777,509.4913330078125,15559600,0.0,0.0,0.0,0.0,0.0,0.0,0.0,0.0,47.22117440065117,1.1844434517690843,2.2231625255881418,524.8192140858772,502.80953652447425,4.283585399558057,512.8115331662335,8.053064873986193,16437657.142857144,0.9465825856309033,0.0,0.0,0.0,0.0,0.0,-0.0035447995371724605,-0.004746630850686162,-0.020654754739745984,1.0171609049245893,1,MSFT
2025-10-17,506.9320390116644,513.3453425707617,505.2091921192977,511.4532470703125,19867800,0.0,0.0,0.0,0.0,0.0,0.0,0.0,0.0,49.374778818317395,0.9451467006334724,1.967559360597208,524.60945601377,502.58610367861286,4.28805442690047,512.6821725856696,8.058999558091747,17366857.14285714,1.1440066464859173,0.0,0.0,0.0,0.0,0.0,0.0038507309847994886,1.957160618215603e-05,0.005127684735610982,1.01610451784801,1,MSFT
2025-10-20,512.4788764440519,516.5519656323323,511.3037703677804,514.6498413085938,14665600,0.0,0.0,0.0,0.0,0.0,0.0,0.0,0.0,52.757246303923196,1.0018915590579809,1.7744258002893627,524.7187155904508,502.7098702249789,4.284257936624241,512.8695696069004,7.858227822838905,16841428.57142857,0.8708049877003987,0.0,0.0,0.0,0.0,0.0,0.006250022375636322,0.006544130519004376,0.005330130879151795,1.0102643390655557,1,MSFT
2025-10-21,515.3569857054445,516.5420602391357,510.9154330870712,515.5162963867188,15586200,0.0,0.0,0.0,0.0,0.0,0.0,0.0,0.0,53.661013247937156,1.1040511374568496,1.6403508677228602,524.7334954251515,503.5345953951608,4.123224326270609,513.1216388240259,7.698827774926447,15620342.857142856,0.9978142056512387,0.0,0.0,0.0,0.0,0.0,0.0016835817454483593,0.011825448223697022,0.007963853630162943,1.0110128345860823,1,MSFT
2025-10-22,518.9919195722497,523.0549803520576,515.5661623300699,518.3843994140625,18962700,0.0,0.0,0.0,0.0,0.0,0.0,0.0,0.0,56.61936960748853,1.4003034573300965,1.5923413856443076,525.0175420005799,504.28525035781854,4.028414533930929,513.6228541183151,7.687388931384473,16288700.0,1.1641628859270536,0.0,0.0,0.0,0.0,0.0,0.005563554532507453,0.01355187865841656,0.013848120998402713,1.0145254257729839,1,MSFT
2025-10-23,520.2964530626382,521.7802730707533,516.4623598997719,518.404296875,14023500,0.0,0.0,0.0,0.0,0.0,0.0,0.0,0.0,56.64005102550548,1.6180393634328993,1.597480981202026,524.7886310349244,505.86155817405995,3.6728412916492656,514.0782296189518,7.5181406627842575,16194300.0,0.8659528352568496,0.0,0.0,0.0,0.0,0.0,3.838360290164822e-05,0.007295165110436708,0.017493847863062406,1.010296806861227,1,MSFT
2025-10-24,520.6250388201142,523.1744351060786,518.5536961256696,521.441650390625,15532400,0.0,0.0,0.0,0.0,0.0,0.0,0.0,0.0,59.79132781235058,2.012486984977272,1.6804821819570754,525.3331319026782,506.52702434732174,3.645088424327171,514.7795077876826,7.321854774805281,16313971.42857143,0.9520918966915299,0.0,0.0,0.0,0.0,0.0,0.00585904386582925,0.011494018802969741,0.019529455287512043,1.0089108206439033,1,MSFT
2025-10-27,529.577902779321,532.3662956890146,526.819354031342,529.3189697265625,18734700,0.0,0.0,0.0,0.0,0.0,0.0,0.0,0.0,66.57593681504218,2.9269829661482163,1.9297823387953037,527.682885254213,505.86227465789625,4.222478405911623,516.1642184485283,7.579196955061302,16767557.142857144,1.117318392916934,0.0,0.0,0.0,0.0,0.0,0.015106808844357555,0.02109355591113382,0.02850312433920066,1.0105291151800444,1,MSFT
2025-10-28,547.7224103521172,551.4269763883988,538.5306518978505,539.8252563476562,29986700,0.0,0.0,0.0,0.0,0.0,0.0,0.0,0.0,73.09630959545622,4.44822082468977,2.433470035974197,532.784497529756,503.16267654250964,5.718789862769581,518.4176506293977,8.616969076973799,18213114.285714287,1.6464345157884663,0.0,0.0,0.0,0.0,0.0,0.01984868712814336,0.04132095278103254,0.04715459071094408,1.02394724319795,0,MSFT
2025-10-29,542.6833492925585,544.0078586434945,534.507325873603,539.307373046875,36023000,0.0,0.0,0.0,0.0,0.0,0.0,0.0,0.0,72.3471028605257,5.548069244570797,3.056389877693517,536.5431728089912,501.57895243514923,6.736051476721834,520.4071480024908,8.680080769325063,21264171.42857143,1.6940702402162726,0.0,0.0,0.0,0.0,0.0,-0.0009593535958009047,0.034262170355717325,0.04036188908551663,1.0177743733528137,0,MSFT
2025-10-30,528.2831883129468,532.7545848667123,519.9578228356851,523.582763671875,41023100,0.0,0.0,0.0,0.0,0.0,0.0,0.0,0.0,54.186509336086765,5.09216319325742,3.463544540806298,536.9600533417627,502.15992346487786,6.698000356769275,520.7095875900512,9.442185729458268,24898014.285714287,1.6476454519321964,0.0,0.0,0.0,0.0,0.0,-0.02915704505607286,-0.01083695537617091,0.009989243584768381,1.0246111539609843,0,MSFT
2025-10-31,526.6898137654194,527.1279940743384,512.9668501497666,515.6656494140625,34006400,0.0,0.0,0.0,0.0,0.0,0.0,0.0,0.0,47.694897496979735,4.045376822593653,3.5799109971637693,536.961172694996,502.2046170999259,6.689318670109273,520.2292125256713,9.779254171966375,27047114.285714287,1.2573023369802323,0.0,0.0,0.0,0.0,0.0,-0.01512103683912347,-0.0447544953658755,-0.011076984303489246,1.0276063529649864,0,MSFT
2025-11-03,517.657371934483,522.7860691817526,512.4590180581705,514.888916015625,22374700,0.0,0.0,0.0,0.0,0.0,0.0,0.0,0.0,47.0987408157835,3.1171822517129613,3.487365248073608,536.2084922059689,501.80807273543724,6.628106069284842,519.7206128580478,9.818382525653215,28240142.85714286,0.7923012327942492,0.0,0.0,0.0,0.0,0.0,-0.0015062732980567484,-0.04527743964132236,-0.027261546508321466,1.0201519551021148,0,MSFT
2025-11-04,509.6407695643784,513.4150529816625,505.73698923396887,512.2001342773438,20958700,0.0,0.0,0.0,0.0,0.0,0.0,0.0,0.0,45.00179787109621,2.1399511272944665,3.21788242391778,535.9238693958549,501.131697010395,6.70979907200665,519.0043768027427,9.770778543939135,29015328.57142857,0.7223319890520922,0.0,0.0,0.0,0.0,0.0,-0.005222061797499733,-0.0217398856194293,-0.051174193399579404,1.0151819303534104,0,MSFT
2025-11-05,511.17434154282535,512.6980347767452,504.4821687767013,505.0597839355469,23024300,0.0,0.0,0.0,0.0,0.0,0.0,0.0,0.0,39.91897107533922,0.7803267019537543,2.730371279524975,535.8775619311797,499.41633150143747,7.0436483130121585,517.6763203392003,9.659713362232333,29628128.57142857,0.7771094939220403,0.0,0.0,0.0,0.0,0.0,-0.013940547578869977,-0.020567329800941336,-0.06350291285254028,1.0162857411193862,0,MSFT
2025-11-06,503.5659922381216,503.6058351018555,493.75677643867937,495.04144287109375,27406500,0.0,0.0,0.0,0.0,0.0,0.0,0.0,0.0,34.09948948907686,-1.0929826244885135,1.9657004987222775,537.0479616313762,495.7264066547566,8.002048897706834,515.5206177231902,9.777091514706273,29259528.57142857,0.9366692266792698,0.0,0.0,0.0,0.0,0.0,-0.019835950877711617,-0.0385470973003601,-0.05451157444645727,1.0199471868198235,0,MSFT
2025-11-07,494.8920702735404,497.31199999791255,491.2073803526309,494.7626037597656,24019800,0.0,0.0,0.0,0.0,0.0,0.0,0.0,0.0,33.95113461718711,-2.5704630501034558,1.058467788957131,538.200429132512,493.16579401201926,8.733005621065754,513.5436640123879,9.514772095461657,27544785.714285713,0.8720271142840103,0.0,0.0,0.0,0.0,0.0,-0.0005632641778654524,-0.03404436928190291,-0.04053604438854608,1.012427784861252,1,MSFT
2025-11-10,497.9692613740871,504.7510576229119,496.7343757501637,503.9045715332031,26101500,0.0,0.0,0.0,0.0,0.0,0.0,0.0,0.0,42.74602198629496,-2.9694663754237354,0.25288095608095773,538.3322974885888,492.2322593961768,8.946559977138188,512.6256552048465,9.54860650743913,25413128.57142857,1.0270872366869992,0.0,0.0,0.0,0.0,0.0,0.01847748335053323,-0.0022872785343193147,-0.02133342579487285,1.0161387700632587,1,MSFT
2025-11-11,502.7095490222416,507.48968986721945,500.2697130079768,506.573486328125,17980000,0.0,0.0,0.0,0.0,0.0,0.0,0.0,0.0,45.0466113370456,-3.03533086175878,-0.40476140748698985,538.3473128958441,491.7302688912653,9.051171451319538,512.0492581689682,9.382275818282238,23123642.85714286,0.7775591463282787,0.0,0.0,0.0,0.0,0.0,0.005296468707956636,0.02329510715335026,-0.010985252780453258,1.014432168631259,1,MSFT
2025-11-12,507.2506574723947,509.5511194130969,497.0530724082431,509.0233154296875,26574900,0.0,0.0,0.0,0.0,0.0,0.0,0.0,0.0,47.146019594971435,-2.856915464184169,-0.8951922188264257,538.3273807760261,491.52215230502867,9.089721744295549,511.76107314617957,9.60483090303735,23723671.42857143,1.1201849629393668,0.0,0.0,0.0,0.0,0.0,0.0048360784124728,0.028823341864467666,0.00784764817989636,1.0251442908184838,0,MSFT
2025-11-13,508.1967287528611,511.3735209246628,499.2140928412288,501.205810546875,25273100,0.0,0.0,0.0,0.0,0.0,0.0,0.0,0.0,41.674701373782604,-3.3081925027283887,-1.3777922756068184,538.5673681232703,490.4536127116907,9.351365289469502,510.7558100414839,9.787302130208536,24340014.285714287,1.0383354628856303,0.0,0.0,0.0,0.0,0.0,-0.015357852274828332,-0.005355698556408717,0.012452225494556046,1.0243571410699361,1,MSFT
2025-11-14,496.166765720741,509.4813936811572,495.3800287197931,508.0672607421875,28505700,0.0,0.0,0.0,0.0,0.0,0.0,0.0,0.0,47.440154670737265,-3.076704782272543,-1.7175747769399634,538.5290477706953,490.153334431453,9.405374132233547,510.4997577272652,10.09544947529108,25123071.42857143,1.1346423179604403,0.0,0.0,0.0,0.0,0.0,0.013689885573804128,0.0029487812812512004,0.02689099152061636,1.0284657518346192,0,MSFT
2025-11-17,506.34444359286346,509.9992285471841,502.8190947602184,505.3883972167969,19092800,0.0,0.0,0.0,0.0,0.0,0.0,0.0,0.0,45.5471275427003,-3.073976111208424,-1.9888550437936556,538.3772233184878,489.37901447448087,9.534986418419027,510.01296148817295,9.887212640410697,23935400.0,0.797680423138949,0.0,0.0,0.0,0.0,0.0,-0.005272655280872285,-0.007140966047541886,0.002944656126216527,1.014279755605522,0,MSFT
2025-11-18,493.3186219236693,500.8971240097586,484.7641975590384,491.74517822265625,33815100,0.0,0.0,0.0,0.0,0.0,0.0,0.0,0.0,37.36870208198756,-4.1251551506626924,-2.416115065167463,538.9953065506455,486.3838194259171,10.261860377666974,508.2731726057428,10.654140284506967,25334728.57142857,1.3347330682727436,0.0,0.0,0.0,0.0,0.0,-0.02699551289518043,-0.0188757435072352,-0.029271780907743628,1.0332799462748183,0,MSFT
2025-11-19,488.0704229659532,493.1393408084164,480.8305097576304,485.1027526855469,23245300,0.0,0.0,0.0,0.0,0.0,0.0,0.0,0.0,34.15329581348735,-5.431598256891618,-3.019211703512294,539.776752839913,482.2742084637979,11.252383012832519,506.0664659466765,10.772332482098326,24926700.0,0.9325462255332635,0.0,0.0,0.0,0.0,0.0,-0.013507861045262248,-0.04519973993816084,-0.04699305909779061,1.0255991057160463,0,MSFT
2025-11-20,491.5879641710541,492.4460215630244,474.417164289732,477.3404846191406,26802500,0.0,0.0,0.0,0.0,0.0,0.0,0.0,0.0,30.816304871036806,-7.012478504882438,-3.817865063786323,541.0007100974377,476.9438699806872,12.585526043438291,503.3306582011969,11.29065568146933,26187057.14285714,1.0235017953252807,0.0,0.0,0.0,0.0,0.0,-0.016001286373730217,-0.0554977374868868,-0.04761582053826241,1.0380021184526156,0,MSFT
2025-11-21,477.4103368698009,477.8293938228302,467.2036221547232,471.04486083984375,31769200,0.0,0.0,0.0,0.0,0.0,0.0,0.0,0.0,28.39320332744414,-8.67336061313955,-4.788964173656969,541.906961065582,470.9979400574649,14.001121117984026,500.2558203572585,11.243163966229163,26929100.0,1.179734933584858,0.0,0.0,0.0,0.0,0.0,-0.01318895836861611,-0.042095618420969316,-0.072869091876263,1.022743341798382,1,MSFT
2025-11-24,473.9183160323131,475.8139832068258,466.9542001322548,472.9205932617188,34421000,0.0,0.0,0.0,0.0,0.0,0.0,0.0,0.0,30.155345824648734,-9.72614873138923,-5.776401085203421,540.3138089441469,466.9512545324157,14.566683005667102,497.6524653957785,11.072922473967866,28235942.85714286,1.219049074229604,0.0,0.0,0.0,0.0,0.0,0.003982067479795237,-0.025112534110324436,-0.06424327138074426,1.018973559017269,1,MSFT
2025-11-25,472.9904142849383,478.0588322743821,463.8313270788984,475.90374755859375,28019800,0.0,0.0,0.0,0.0,0.0,0.0,0.0,0.0,32.9800963196421,-10.202171002843954,-6.661555068731527,535.0262081927283,465.84670440492806,13.823833758923975,495.58115893509427,11.298249811218994,28166528.57142857,0.9947906760658675,0.0,0.0,0.0,0.0,0.0,0.006307939090366643,-0.0030098789162901207,-0.032214714786465426,1.0306738772585395,1,MSFT
2025-11-26,485.2025316262965,487.1979770584782,480.1041831621511,484.3943786621094,25709100,0.0,0.0,0.0,0.0,0.0,0.0,0.0,0.0,40.37184560829423,-9.781543566206494,-7.285552768226521,527.9493026389172,467.43231052026255,12.159555956952735,494.5157512900481,11.29796264612367,29111714.285714287,0.8831187249119157,0.0,0.0,0.0,0.0,0.0,0.01784106796189966,0.028340226021072112,-0.001460255625258644,1.0147755302809582,1,MSFT
2025-11-28,486.489626354464,491.5081706450152,485.541777548382,490.88958740234375,14386700,0.0,0.0,0.0,0.0,0.0,0.0,0.0,0.0,45.33848802397329,-8.82238526402216,-7.592919267385649,523.9857158628822,468.1265796693443,11.260647901470028,494.170402348362,10.99909331303668,26336228.57142857,0.5462703196465922,0.0,0.0,0.0,0.0,0.0,0.013408926747197292,0.03799579548163323,0.02838456661394151,1.0122881147874832,0,MSFT
2025-12-01,487.3277021324389,488.7444513856018,483.5463243869077,485.6315612792969,23964000,0.0,0.0,0.0,0.0,0.0,0.0,0.0,0.0,42.2691194873622,-8.38981163806352,-7.7522977415212235,521.3101567544467,467.79872996430333,10.820128604376626,493.3571793894034,10.737962577493777,26438900.0,0.9063917182636191,0.0,0.0,0.0,0.0,0.0,-0.01071121950431042,0.02044071678486925,0.030966690547150844,1.0107500082960714,1,MSFT
2025-12-02,485.6116258193264,492.3761849539621,485.2125428025972,488.8841552734375,19562700,0.0,0.0,0.0,0.0,0.0,0.0,0.0,0.0,44.7604093197629,-7.695824100950176,-7.741003013407014,518.4104769303673,468.09793371416407,10.200124534839336,492.9311770926448,10.482653975627425,25404642.85714286,0.7700442832440639,0.0,0.0,0.0,0.0,0.0,0.006697657758429676,0.009268845405945525,0.0337552693605887,1.014763926154892,0,MSFT
2025-12-03,475.23529714339696,483.13724409881166,474.1178525596479,476.64208984375,34615100,0.0,0.0,0.0,0.0,0.0,0.0,0.0,0.0,38.09674033024221,-8.040974992463703,-7.800997409218352,516.0445160457981,466.90809015537377,9.997720252316627,491.37983544989294,10.788628885496154,25811200.0,1.3410883647408878,0.0,0.0,0.0,0.0,0.0,-0.02504083083412756,-0.029023833310434788,0.0015514529754052653,1.0190235222961344,1,MSFT
2025-12-04,478.6674679630734,480.2239129901724,475.40489514051177,479.7449951171875,22318200,0.0,0.0,0.0,0.0,0.0,0.0,0.0,0.0,40.514049911310444,-7.972232107962611,-7.835244348967205,514.4553822622813,465.9657450570546,9.891593694600788,490.27175541820674,10.362228097222186,24082228.57142857,0.926749778734289,0.0,0.0,0.0,0.0,0.0,0.006509927133071081,-0.012121465389527852,-0.009598343312247737,1.0101366601373263,1,MSFT
2025-12-05,481.4211657314621,482.299166614698,477.78947078944657,482.0597229003906,22608700,0.0,0.0,0.0,0.0,0.0,0.0,0.0,0.0,42.323448030813324,-7.642871425343401,-7.796769764242445,513.9488871333418,465.17406818892385,9.962960970180578,489.48965708317667,9.944190077795701,23309214.285714287,0.9699468940854168,0.0,0.0,0.0,0.0,0.0,0.004824912832363637,-0.01395920137610085,-0.017987475653493457,1.0094386672393598,1,MSFT
2025-12-08,483.7858099301447,491.1789088824645,483.2769615726175,489.9018249511719,21965900,0.0,0.0,0.0,0.0,0.0,0.0,0.0,0.0,48.08488483424662,-6.672146266245079,-7.571845064642972,513.5902803025798,465.0465971388264,9.920673189971797,489.5289111658428,9.88526121381557,22774471.42857143,0.9644965885988885,0.0,0.0,0.0,0.0,0.0,0.01626790556904023,0.027819060443798893,0.00879321694130808,1.0163507635127764,1,MSFT
2025-12-09,487.9862027558801,490.9993144973556,487.3875630167038,490.8995361328125,14696100,0.0,0.0,0.0,0.0,0.0,0.0,0.0,0.0,48.78582146636937,-5.755981260823489,-7.208672303879076,512.0215572436114,465.3148166577559,9.557966291464174,489.65944687698277,9.437153375732446,22818671.42857143,0.6440383720850156,0.0,0.0,0.0,0.0,0.0,0.0020365533068591457,0.023250979435231578,0.00412240985443213,1.007410430127303,0,MSFT
2025-12-10,482.9277288439703,483.1472290611573,473.9980982856002,477.4701843261719,35756200,0.0,0.0,0.0,0.0,0.0,0.0,0.0,0.0,40.800608997475244,-6.043880260970866,-6.975713895297433,509.5259998132197,464.9000438879522,9.159434153825421,488.4985647292865,9.970316552266723,24503271.42857143,1.4592418854858447,0.0,0.0,0.0,0.0,0.0,-0.027356619467261645,-0.009520684587803863,0.0017373507293352297,1.0193020411023768,1,MSFT
2025-12-11,475.5445986070271,484.9231863556336,474.7763326037194,482.3690185546875,24669200,0.0,0.0,0.0,0.0,0.0,0.0,0.0,0.0,44.377190694257884,-5.80977583247568,-6.742526282733083,505.88829447501433,465.87231953865756,8.235768019261126,487.9147984269437,9.982926352241543,25232771.42857143,0.9776650999210776,0.0,0.0,0.0,0.0,0.0,0.010259979343901993,-0.01537615500255618,0.005469621286740223,1.021371860927161,0,MSFT
2025-12-12,478.72734800157895,481.3513637649093,475.2552617920193,477.4402770996094,21248100,0.0,0.0,0.0,0.0,0.0,0.0,0.0,0.0,41.65071666005338,-5.953328366880555,-6.584686699562578,503.7168605818697,465.66720008707557,7.8502756623700005,486.9172249671976,9.777985667272018,23323200.0,0.9110285038073678,0.0,0.0,0.0,0.0,0.0,-0.010217781958397731,-0.027417542781221438,-0.009582725088475796,1.012827005744037,0,MSFT
2025-12-15,479.0066832317436,479.6252664455081,471.44392797474177,473.73870849609375,23727700,0.0,0.0,0.0,0.0,0.0,0.0,0.0,0.0,39.67903364146131,-6.293235929251637,-6.52639654550039,499.2505664236763,466.7006390206597,6.73945582749051,485.6621281604258,9.663939438950182,23524557.14285714,1.0086353530869565,0.0,0.0,0.0,0.0,0.0,-0.007752945826024926,-0.007815097052278008,-0.03299256224793423,1.0173537890410684,1,MSFT
2025-12-16,470.8353364785088,476.80172935648005,469.8076832860371,475.3051452636719,20705600,0.0,0.0,0.0,0.0,0.0,0.0,0.0,0.0,40.9529030745119,-6.362869565840981,-6.493691149568509,494.3991210889184,468.5437591601051,5.370071778738719,484.67574883692544,9.473232769771093,23252685.714285713,0.890460579668831,0.0,0.0,0.0,0.0,0.0,0.003306541643073313,-0.014644127253821027,-0.03176697006477014,1.0148870406322936,0,MSFT
2025-12-17,475.8239455574328,478.9069051052783,473.9182915104317,475.0357360839844,24527200,0.0,0.0,0.0,0.0,0.0,0.0,0.0,0.0,40.793340841728025,-6.366405830313795,-6.468234085717566,492.9447697037384,468.32716633141786,5.121881217890923,483.7576523842644,9.152902828705061,23618585.714285713,1.0384703087943454,0.0,0.0,0.0,0.0,0.0,-0.0005668130933824678,-0.005036317903952869,-0.005098639291211682,1.0105263157894737,1,MSFT
2025-12-18,477.1010453906704,488.4850656489584,476.8017407441929,482.87786865234375,28573500,0.0,0.0,0.0,0.0,0.0,0.0,0.0,0.0,47.23764534878559,-5.671041549671941,-6.308795578508442,492.70962793933404,468.3398196925019,5.07149935039926,483.6738634574148,9.459790452724276,25601071.42857143,1.116105631739743,0.0,0.0,0.0,0.0,0.0,0.01650851077648796,0.01929156303326507,0.0010548979683249193,1.0245035282097128,1,MSFT
2025-12-19,486.2501387748106,486.7390436209232,481.39123391446,484.8134460449219,70836100,0.0,0.0,0.0,0.0,0.0,0.0,0.0,0.0,48.72120280977616,-4.907208186801881,-6.02847810016713,493.12801574102315,468.6687280333909,5.086165630306832,483.7823951324155,9.166077542277057,30612485.714285713,2.3139610635063006,0.0,0.0,0.0,0.0,0.0,0.004008420178750471,0.020004624136722438,0.01544312304379436,1.0111090716442366,0,MSFT
2025-12-22,485.0129839081317,487.6170561484318,481.5908021440126,483.8157348632813,16963000,0.0,0.0,0.0,0.0,0.0,0.0,0.0,0.0,47.97242857815297,-4.332430139934274,-5.689268508120559,492.9481864164984,470.12564476025943,4.739520671712703,483.7855703448789,8.941804432430065,29511600.0,0.5747909296683338,0.0,0.0,0.0,0.0,0.0,-0.0020579280335144556,0.018482817422697417,0.02127127504353088,1.0125132248738777,1,MSFT
2025-12-23,483.8755963136496,486.7190818282799,483.6361221459561,485.7413330078125,14683600,0.0,0.0,0.0,0.0,0.0,0.0,0.0,0.0,49.58291160740668,-3.6791240672983463,-5.287239619956117,493.0066464635128,471.3492586878544,4.491575705601979,483.9718334556345,8.523315521708188,28573814.285714287,0.5138830907619214,0.0,0.0,0.0,0.0,0.0,0.003980023810253641,0.005929997089036965,0.021956816264530943,1.006374543879486,1,MSFT
2025-12-24,484.5739628623746,488.04604888584674,483.7258924615979,486.90863037109375,5855900,0.0,0.0,0.0,0.0,0.0,0.0,0.0,0.0,50.58155899088945,-3.0322295020107504,-4.836237596367044,493.3419740656148,472.1144193670024,4.397413460205944,484.25152839996395,8.223089871889664,26020700.0,0.22504775044483816,0.0,0.0,0.0,0.0,0.0,0.0024031254578502637,0.004321629986264286,0.024993686548690164,1.008931000989557,0,MSFT
2025-12-26,485.601642461088,487.0084352251927,484.85335038112265,486.599365234375,8842200,0.0,0.0,0.0,0.0,0.0,0.0,0.0,0.0,50.29730064216299,-2.515518676842646,-4.372093812462165,493.56437754976366,472.11251454008004,4.442865555840142,484.47513190800305,7.789660941331122,24325928.57142857,0.36348869372186643,0.0,0.0,0.0,0.0,0.0,-0.000635160515604416,0.005753492849669861,0.0077069106364668905,1.0044448178864311,0,MSFT
2025-12-29,483.7558335295542,487.23790659993216,483.0773893732932,485.9907531738281,10893400,0.0,0.0,0.0,0.0,0.0,0.0,0.0,0.0,49.70530564113367,-2.1305716285996823,-3.9237893756896685,492.7831487578185,472.40385990917366,4.222868452568669,484.6194767904626,7.530436390281681,22378242.85714286,0.48678531507325035,0.0,0.0,0.0,0.0,0.0,-0.001250745693541444,0.0005134835128630666,0.002428371445781119,1.0086125273468842,1,MSFT
2025-12-30,484.8234150126488,488.5648753746365,484.39440153201394,486.3699035644531,13944500,0.0,0.0,0.0,0.0,0.0,0.0,0.0,0.0,50.09934107586998,-1.7744493046146772,-3.4939213614746705,492.869058184642,472.39178471086586,4.242847645689245,484.7861841022712,7.290439065448885,20288385.714285713,0.6873144170450793,0.0,0.0,0.0,0.0,0.0,0.0007801596803003186,-0.0011064227927732873,0.005279217927655067,1.008609665655574,0,MSFT
2025-12-31,486.7290680267604,487.0284031238816,482.1993981667827,482.5186767578125,15601600,0.0,0.0,0.0,0.0,0.0,0.0,0.0,0.0,46.14469890276204,-1.782434815360034,-3.1516240522517434,492.14093936457823,472.48335567936704,4.075697405965844,484.57023102184655,7.114622343423886,12397742.857142856,1.258422616098322,0.0,0.0,0.0,0.0,0.0,-0.007918308222643278,-0.008386136045609116,-0.006634511067947657,1.0100145395773155,0,MSFT
2026-01-02,483.2869444224563,483.5563186075122,469.0893385249197,471.8630065917969,25571600,0.0,0.0,0.0,0.0,0.0,0.0,0.0,0.0,37.35800967635632,-2.618403592687571,-3.044979960338909,492.64597686887896,471.50040984987106,4.386381012321575,483.36001917136565,7.639790753364502,13627542.857142856,1.876464471113124,0.0,0.0,0.0,0.0,0.0,-0.022083435687120456,-0.029069990508601484,-0.03090030211177397,1.0308405646738525,0,MSFT
2026-01-05,472.98042932285466,474.9858617296903,468.4308161640092,471.773193359375,25250300,0.0,0.0,0.0,0.0,0.0,0.0,0.0,0.0,37.2935509931951,-3.2506901166253215,-3.0861219915961917,493.1324457165171,470.21676082645166,4.757503246885859,482.2565119511761,7.562308954244263,15137071.42857143,1.6681099854189572,0.0,0.0,0.0,0.0,0.0,-0.0001903375156925291,-0.030011540800743197,-0.030468950299305964,1.0139936258236821,1,MSFT
2026-01-06,472.72102257015473,477.6497753472042,468.6802576477938,477.4203186035156,23037700,0.0,0.0,0.0,0.0,0.0,0.0,0.0,0.0,43.85338774845979,-3.2585434692761055,-3.1206062871321745,493.0468149301896,469.8384511830916,4.820587574421896,481.79592210854173,7.662823864613273,17591614.285714287,1.309584193117987,0.0,0.0,0.0,0.0,0.0,0.011970000253572977,-0.010566136400261827,-0.01763497456349139,1.0191378184872273,1,MSFT
2026-01-07,478.6674756822987,488.5848422406915,476.86159994291296,482.3690185546875,25564200,0.0,0.0,0.0,0.0,0.0,0.0,0.0,0.0,48.8984156800309,-2.8327938951138094,-3.063043808728502,492.0181458469966,470.11383962663615,4.553285110790188,481.85050272246036,7.952853752696506,19980471.42857143,1.2794593006171024,0.0,0.0,0.0,0.0,0.0,0.010365499243197629,0.02226496211002882,-0.008226012712637787,1.0245841608952828,0,MSFT
2026-01-08,480.1440867981463,481.5608665012806,474.7763335277468,477.0212097167969,18162600,0.0,0.0,0.0,0.0,0.0,0.0,0.0,0.0,44.26916418187805,-2.8935526956433364,-3.0291455861114693,490.4693986897352,470.274754142296,4.203958876650045,481.39057005525433,7.927127415142522,21018928.57142857,0.8641068424719216,0.0,0.0,0.0,0.0,0.0,-0.011086551233978836,0.01112402406769264,-0.011393273060339881,1.0142899561212804,1,MSFT
2026-01-09,472.9804540365218,478.72734693664125,471.1247042989064,478.1885681152344,18491000,0.0,0.0,0.0,0.0,0.0,0.0,0.0,0.0,45.48245606121064,-2.815058177714036,-2.986328104431983,490.46881577612913,470.3471754348083,4.188448261765725,481.08561748953815,7.903949931041973,21668428.57142857,0.8533613750090652,0.0,0.0,0.0,0.0,0.0,0.0024471834263524173,0.001609168026124097,0.013405504214297759,1.0161372192295637,0,MSFT
2026-01-12,475.5845048686955,479.89464390147504,474.5967386659474,476.0933227539063,23519900,0.0,0.0,0.0,0.0,0.0,0.0,0.0,0.0,43.645801155085046,-2.88862126881304,-2.9667867373081944,490.2814782159771,469.9069434148823,4.243861796727165,480.6101608480494,7.717803881362379,22799614.285714287,1.031592013148092,0.0,0.0,0.0,0.0,0.0,-0.004381629969922529,-0.013010155211843677,0.009157216762929687,1.011162961739728,0,MSFT
2026-01-13,473.5990225282599,474.6965236309785,464.888922501957,469.5981750488281,28545800,0.0,0.0,0.0,0.0,0.0,0.0,0.0,0.0,38.46088481744046,-3.431468849209523,-3.05972315968846,490.82820619660316,468.57600522917807,4.638754073083722,479.5614002957426,7.966846479261447,23224500.0,1.2291244160261792,0.0,0.0,0.0,0.0,0.0,-0.013642593572847805,-0.015561225615891905,-0.016384186533090483,1.0210966548229168,0,MSFT
2026-01-14,465.39775666549855,467.13381499707015,456.1289340170423,458.3338928222656,28184300,0.0,0.0,0.0,0.0,0.0,0.0,0.0,0.0,31.47706943478407,-4.716246944810507,-3.39102791671287,493.2714852752535,464.5922445831449,5.988167167859722,477.5397329173162,8.359874661584616,23643642.85714286,1.1920455815667756,0.0,0.0,0.0,0.0,0.0,-0.023987065591537404,-0.041520597975031825,-0.04982725840154045,1.0241266890988694,0,MSFT
2026-01-15,463.0630900555096,463.1927988881192,454.8618076165624,455.6200866699219,23225800,0.0,0.0,0.0,0.0,0.0,0.0,0.0,0.0,30.060837018134038,-5.8855790267953125,-3.8899381387293586,495.49203784836914,460.4031861506543,7.341568577133242,475.4521475604215,8.357811562296918,23670514.285714287,0.9812123099504144,0.0,0.0,0.0,0.0,0.0,-0.005921024377300688,-0.04300256925587487,-0.04486409117863055,1.0183154336812987,1,MSFT
2026-01-16,456.78739866953146,462.13520850615447,455.4404972994736,458.8127746582031,34246700,0.0,0.0,0.0,0.0,0.0,0.0,0.0,0.0,33.832618517627935,-6.479962909321671,-4.407943092847821,496.54542137930724,457.7275064771381,8.135600155683903,473.86744537925784,8.239018679752917,24910871.42857143,1.374769248767463,0.0,0.0,0.0,0.0,0.0,0.007007346870100184,-0.022967296219802313,-0.040519148195868326,1.0146994201138833,0,MSFT
2026-01-20,450.1924514863621,455.7597309230742,448.2568669541529,453.4849243164063,26130000,0.0,0.0,0.0,0.0,0.0,0.0,0.0,0.0,30.843331604890736,-7.296816258688523,-4.985717726015961,497.42352825364384,453.9101051692077,9.14787863178493,471.9262528970815,8.40451075291701,26049071.42857143,1.0031067737539314,0.0,0.0,0.0,0.0,0.0,-0.011612253703628617,-0.010579554734652108,-0.04748732518810461,1.0167378673301812,0,MSFT
2026-01-21,451.5693196059127,451.6591109990197,437.68100562513575,443.0986328125,37980500,0.0,0.0,0.0,0.0,0.0,0.0,0.0,0.0,26.017326005486694,-8.682182549715662,-5.7250106907559015,499.10280004257396,448.05935205703537,10.778185735650162,469.1807652699785,8.933039891370836,28833285.714285713,1.3172449500329482,0.0,0.0,0.0,0.0,0.0,-0.022903278470751465,-0.02748222526565902,-0.056430249614093486,1.0319367420432586,1,MSFT
2026-01-22,446.600636936346,451.8087507279656,443.6873036586902,450.1126403808594,25349400,0.0,0.0,0.0,0.0,0.0,0.0,0.0,0.0,33.575943038285345,-9.109119267435176,-6.401832406091756,498.8996850657627,444.89215758560454,11.444796413674517,467.3647533757767,8.917116893091892,29094642.85714286,0.8712737985638004,0.0,0.0,0.0,0.0,0.0,0.015829449808587803,-0.018962275590135858,-0.01793725615791264,1.018304438739412,1,MSFT
2026-01-23,450.8409629929935,470.0271819611143,449.50401819491054,464.888916015625,38000200,0.0,0.0,0.0,0.0,0.0,0.0,0.0,0.0,46.07520236415748,-8.16107198119488,-6.753680321112381,497.24147136644393,444.46512958570446,11.20865919966536,467.1289593414765,9.746120241171312,30445271.42857143,1.248147847495905,0.0,0.0,0.0,0.0,0.0,0.032827950848620446,0.025147454937800573,0.020343329051728087,1.0456573532949036,1,MSFT
2026-01-26,464.2503622118351,473.1700058760031,460.9479024031912,469.20904541015625,29291200,0.0,0.0,0.0,0.0,0.0,0.0,0.0,0.0,49.09144389288323,-6.980670514848043,-6.799078359859514,495.30976556725625,444.6268768887984,10.784320216737898,467.3270627765889,9.922976186288492,30603400.0,0.9571224112353529,0.0,0.0,0.0,0.0,0.0,0.009292820813103786,0.058926863375597494,0.022659069943503418,1.0265151515151514,1,MSFT
2026-01-27,472.6212886177101,481.7703893732875,472.0825097961169,479.485595703125,29213900,0.0,0.0,0.0,0.0,0.0,0.0,0.0,0.0,55.471839741486136,-5.156520960694536,-6.470566880026519,494.19881020481154,445.02645529811815,10.470833081851334,468.4850182934018,10.111431027491548,31458842.85714286,0.9286387338740549,0.0,0.0,0.0,0.0,0.0,0.02190185886971885,0.06525689946723534,0.05733524973495574,1.0205215812408612,1,MSFT
2026-01-28,482.10959164059926,482.63838346935967,476.9114647448887,480.533203125,36875400,0.0,0.0,0.0,0.0,0.0,0.0,0.0,0.0,56.07619553773489,-3.5850103651176255,-5.89345557704474,493.30609579122716,445.3734147068197,10.21278946612465,469.6324644678398,9.798251577275794,31834371.42857143,1.158351754572551,0.0,0.0,0.0,0.0,0.0,0.0021848569201308177,0.03365166724871793,0.08448360599735971,1.012008347770659,0,MSFT
2026-01-29,438.98802836564175,441.4923222419712,420.06122635013605,432.5128173828125,128855300,0.0,0.0,0.0,0.0,0.0,0.0,0.0,0.0,33.57871845986814,-6.143601093143616,-5.943484680264516,494.18994183698743,439.1038600428954,11.804660372357587,466.0972599835515,13.417803377103521,46509414.28571428,2.7705208070009792,0.0,0.0,0.0,0.0,0.0,-0.09993146244609463,-0.07820869692583599,-0.03910093034302464,1.0510189813948017,0,MSFT
2026-01-30,438.1699022937122,438.5989157576861,425.47886802078926,429.3101196289063,58566800,0.0,0.0,0.0,0.0,0.0,0.0,0.0,0.0,32.638222846840605,-8.333668281018163,-6.421521400415245,494.94987067726817,433.02307548972425,13.346681159905268,462.5937228069186,13.396535117088757,49450314.28571428,1.184356476717467,0.0,0.0,0.0,0.0,0.0,-0.007404862064634532,-0.10464438665908327,-0.07653182332598973,1.0308359561966678,0,MSFT
2026-02-02,429.2602343395754,429.7590957240154,421.2884391596101,422.4058837890625,42219900,0.0,0.0,0.0,0.0,0.0,0.0,0.0,0.0,30.645513724107744,-10.505327560382966,-7.23828263240879,497.1177325170364,425.9095013696825,15.429280639425452,458.7663095671228,13.04468664903994,51860385.71428572,0.8141069415218387,0.0,0.0,0.0,0.0,0.0,-0.01608216420757047,-0.12096421008563896,-0.09974906084809398,1.0201065488084664,0,MSFT
2026-02-03,421.0489834358989,421.0888704228976,407.6296003977664,410.2735595703125,61424100,0.0,0.0,0.0,0.0,0.0,0.0,0.0,0.0,27.47147345338344,-13.054871918527681,-8.401600489632568,500.0786149668368,416.79865554097586,18.165999333746456,454.14795242456944,13.168372130629665,55206657.14285714,1.1126212521988808,0.0,0.0,0.0,0.0,0.0,-0.028721958392058156,-0.05141872545436332,-0.14434643449782658,1.0330183824040198,1,MSFT
2026-02-04,410.0640575889883,418.84400576689177,408.3080557741746,413.2467956542969,45012400,0.0,0.0,0.0,0.0,0.0,0.0,0.0,0.0,29.401274155884295,-14.666423486801534,-9.654565089066361,500.27554837707777,410.184369835813,19.79025693258447,450.25260416073394,12.98034197792163,57452542.85714286,0.7834709790291515,0.0,0.0,0.0,0.0,0.0,0.00724696002125591,-0.03741659756004467,-0.1400244708026972,1.0258039238847259,0,MSFT
2026-02-05,406.5121603821184,407.37018733348754,391.4265972483441,392.7735290527344,66289200,0.0,0.0,0.0,0.0,0.0,0.0,0.0,0.0,24.556136925817327,-17.39509144170711,-11.20267035959451,501.5604888698713,399.9398803928242,22.544773566794856,444.7784065314006,13.61176029420957,62749014.28571428,1.0564181884701205,0.0,0.0,0.0,0.0,0.0,-0.04954246909318927,-0.07015137779455194,-0.09188002466735057,1.0407320049205238,1,MSFT
2026-02-06,398.2609865133262,400.87501513504304,392.0252195920243,400.22650146484375,53515300,0.0,0.0,0.0,0.0,0.0,0.0,0.0,0.0,29.13441693156193,-18.740162935419733,-12.710168874759555,500.71758540894405,393.10331302855616,24.079605336708905,440.5353679536333,13.271619954838796,65126142.85714286,0.8217176336911005,0.0,0.0,0.0,0.0,0.0,0.018975241101618856,-0.024488680469663238,-0.06774500957303853,1.0225745566885431,1,MSFT
2026-02-09,403.9280678877113,413.9452129833927,399.9571203178888,412.65814208984375,45480500,0.0,0.0,0.0,0.0,0.0,0.0,0.0,0.0,36.10007855033929,-18.588732939776662,-13.885881687762977,497.40423107851393,389.86362475644717,24.240843532163343,437.8803940618438,13.322796577029163,53215457.14285714,0.8546483003595625,0.0,0.0,0.0,0.0,0.0,0.03106151286708836,-0.0014244600820705333,-0.023076718562202836,1.034973980846712,0,MSFT
2026-02-10,418.6644027817824,422.7151545880433,411.76017861217,412.328857421875,44857900,0.0,0.0,0.0,0.0,0.0,0.0,0.0,0.0,35.999142360030504,-18.284521515680296,-14.765609653346441,493.6985492392782,387.19286006247984,24.18134359176473,435.44691438184674,13.153666534089455,51257042.85714286,0.8751558322438199,0.0,0.0,0.0,0.0,0.0,-0.0007979599440377516,0.04978779607755879,0.005009579105499817,1.0266052341748948,0,MSFT
2026-02-11,415.2322299614449,415.51159110220135,400.096793508188,403.4491271972656,42491000,0.0,0.0,0.0,0.0,0.0,0.0,0.0,0.0,33.29556905761544,-18.546163164112897,-15.521720355499735,490.95167562120434,383.32482889539745,24.620779849348715,432.39950607855326,13.31517589551259,51295771.428571425,0.8283528801037345,0.0,0.0,0.0,0.0,0.0,-0.02153555363583015,0.00805200485381885,-0.023709000432824978,1.0385276709139581,0,MSFT
2026-02-12,404.07770370563327,405.2749831551046,397.1036315998776,400.9248962402344,40802400,0.0,0.0,0.0,0.0,0.0,0.0,0.0,0.0,32.54727107195109,-18.741163926105457,-16.165609069620878,489.36187652237567,379.173728336023,25.37331747138154,429.4019241891896,12.94775987120648,48349814.28571428,0.8438998288366893,0.0,0.0,0.0,0.0,0.0,-0.006256627631262779,-0.028433331740864598,0.02075335170157455,1.0205773780569716,0,MSFT
2026-02-13,403.528974460687,404.6164885937556,397.1435245648219,400.4060974121094,34091600,0.0,0.0,0.0,0.0,0.0,0.0,0.0,0.0,32.386168569116805,-18.72175344471242,-16.67683794463919,487.5696587318135,375.4445472008039,25.98453438199002,426.6404168770867,12.556703025329853,46789700.0,0.7286133486643428,0.0,0.0,0.0,0.0,0.0,-0.001294005019369382,-0.028915657478629564,0.0004487357698910177,1.0188167842774785,0,MSFT
2026-02-17,398.31087932693146,399.607906728736,393.6315571718042,395.9562377929688,32078800,0.0,0.0,0.0,0.0,0.0,0.0,0.0,0.0,30.97016847636918,-18.848167043498677,-17.111103764411087,484.99601261680897,371.73253962928476,26.440924068791745,423.7181141071707,12.14369139782809,41902500.0,0.7655581409223793,0.0,0.0,0.0,0.0,0.0,-0.011113366274641545,-0.018572079846471357,-0.0404739482717843,1.0151825976552062,1,MSFT
2026-02-18,397.2233488345012,401.6432531481791,395.41747315874426,398.6900024414063,23223400,0.0,0.0,0.0,0.0,0.0,0.0,0.0,0.0,32.9108553168936,-18.5143370188149,-17.391750415291853,482.4315001495356,368.8175599090581,26.69346624186749,421.33448442471695,11.720983440085714,37575085.71428572,0.6180531476784008,0.0,0.0,0.0,0.0,0.0,0.006904209070364153,-0.005574345269616088,-0.033077614469544825,1.0157448277125969,0,MSFT
2026-02-19,400.6900024414063,404.4299926757813,396.6700134277344,398.4599914550781,28234000,0.0,0.0,0.0,0.0,0.0,0.0,0.0,0.0,32.8272324488764,-18.06014813777182,-17.525429959787846,480.7826611151964,366.0025348076552,27.109620446883326,419.1559612847513,11.4380545692258,35111300.0,0.8041285853841925,0.0,0.0,0.0,0.0,0.0,-0.0005769168650322509,-0.004860330473509866,-0.012366207796374984,1.0195628078386638,0,MSFT
2026-02-20,396.1099853515625,400.1199951171875,395.1600036621094,397.2300109863281,34015200,0.0,0.0,0.0,0.0,0.0,0.0,0.0,0.0,32.35381344805599,-17.59660659443017,-17.539665286716314,477.84275413892027,363.65417884447817,27.139391914264976,417.06777554204433,10.975335775358108,33562342.85714286,1.013493013428315,0.0,0.0,0.0,0.0,0.0,-0.0030868355547025716,0.0032169544807760797,-0.009215903747948562,1.0125518559801394,0,MSFT
2026-02-23,395.0,395.3599853515625,383.1000061035156,384.4700012207031,43238300,0.0,0.0,0.0,0.0,0.0,0.0,0.0,0.0,27.864320036011335,-18.05079440822169,-17.64189111101739,472.12278422298107,361.3322572809252,26.585843608826888,413.9632256066785,11.200669283033422,33669100.0,1.2842131212298518,0.0,0.0,0.0,0.0,0.0,-0.032122471647954565,-0.03566681164219321,-0.039799833954587305,1.0320020335492612,1,MSFT
2026-02-24,384.1400146484375,389.3599853515625,381.7099914550781,389.0,33884700,0.0,0.0,0.0,0.0,0.0,0.0,0.0,0.0,31.498478345742697,-17.83956507870448,-17.68142590455481,463.7778293520844,361.65630761080627,24.743711743501404,411.5857755488996,10.947049612565634,32680857.14285714,1.0368363305735993,0.0,0.0,0.0,0.0,0.0,0.01178245055508631,-0.023741383471230226,-0.017568198525529932,1.0200413771390227,1,MSFT
2026-02-25,390.5299987792969,401.4700012207031,390.1600036621094,400.6000061035156,43625500,0.0,0.0,0.0,0.0,0.0,0.0,0.0,0.0,39.85453566245703,-16.545415515084926,-17.454223826660833,449.79387300576053,367.75170499716916,20.070359430969212,410.5395117921964,11.05583187028974,34042842.85714286,1.281488158408795,0.0,0.0,0.0,0.0,0.0,0.029820067104153303,0.008483737441739914,0.004790698664158377,1.028988100913564,1,MSFT
2026-02-26,404.7099914550781,407.489990234375,398.739990234375,401.7200012207031,34405900,0.0,0.0,0.0,0.0,0.0,0.0,0.0,0.0,40.60784417670751,-15.253584588198976,-17.014095978968463,429.340312865965,380.32394494653494,12.10782554533392,409.6995584044351,10.891129593840473,34375285.71428572,1.000890590000291,0.0,0.0,0.0,0.0,0.0,0.002795794059219592,0.04486695956831688,0.00818152345413714,1.0219441245280085,0,MSFT
2026-02-27,390.8800048828125,396.8200073242188,389.8800048828125,392.739990234375,51367200,0.0,0.0,0.0,0.0,0.0,0.0,0.0,0.0,36.64480940176648,-14.783990469597086,-16.56807487709419,424.3104892918314,381.37648580582487,10.657738008189236,408.08436143585794,10.958905789844055,38395828.571428575,1.3378328300544553,0.0,0.0,0.0,0.0,0.0,-0.022353905603506474,0.009614370782454973,-0.011303327109662087,1.0178003548642929,1,MSFT
2026-03-02,392.8599853515625,401.1900024414063,390.6300048828125,398.5499877929688,35474900,0.0,0.0,0.0,0.0,0.0,0.0,0.0,0.0,40.678597887576196,-13.784120737020032,-16.01128404907936,419.0526106412006,383.5583512728619,8.844698378824075,407.1763258508209,10.930412344754751,39430242.85714286,0.8996875857074175,0.0,0.0,0.0,0.0,0.0,0.014793496213936885,-0.005117369643816483,0.036621808015089075,1.027033247386518,1,MSFT
2026-03-03,393.1400146484375,406.7000122070313,392.6700134277344,403.9299926757813,38199200,0.0,0.0,0.0,0.0,0.0,0.0,0.0,0.0,44.22019622914515,-12.414488839226578,-15.291925007108805,415.34428106004844,385.4190917426859,7.474165361140842,406.8671512627219,11.15181137579348,40027957.14285714,0.9543130033758548,0.0,0.0,0.0,0.0,0.0,0.013498946299321357,0.00550132293229777,0.038380443896609995,1.035729743294694,1,MSFT
2026-03-04,401.2699890136719,411.0299987792969,400.30999755859375,405.2000122070313,35808000,0.0,0.0,0.0,0.0,0.0,0.0,0.0,0.0,45.05413719644187,-11.098627659382942,-14.453265537563635,414.57429754781225,385.681720518594,7.220833427539618,406.7083761145609,11.120967793287026,38966485.71428572,0.9189435316942691,0.0,0.0,0.0,0.0,0.0,0.0031441575378865494,0.031725880436113796,0.011482790897229922,1.0267792492970003,1,MSFT
2026-03-05,404.4200134277344,411.6099853515625,404.3999938964844,410.6799926757813,39001300,0.0,0.0,0.0,0.0,0.0,0.0,0.0,0.0,48.62338812790997,-9.50405276417058,-13.463422982885024,414.0167201558078,385.98261761274694,7.008531437352588,407.0866253108676,10.841612340557818,39697428.571428575,0.9824641394548764,0.0,0.0,0.0,0.0,0.0,0.013524136978431578,0.03043534124786773,0.02230407106405341,1.0178288614339686,0,MSFT
2026-03-06,409.2000122070313,413.0499877929688,408.510009765625,408.9599914550781,31123900,0.0,0.0,0.0,0.0,0.0,0.0,0.0,0.0,47.57869429373504,-8.28364172981054,-12.427466732270128,414.93243943904196,386.68554456974715,7.0474703494139925,407.26504113412574,10.391495603899674,37911485.71428572,0.8209622865893638,0.0,0.0,0.0,0.0,0.0,-0.004188178755669458,0.012452649891077083,0.041299591648468414,1.0111135049786137,1,MSFT
2026-03-09,404.9200134277344,410.2099914550781,403.5,409.4100036621094,30131900,0.0,0.0,0.0,0.0,0.0,0.0,0.0,0.0,47.89412988148703,-7.197180353271676,-11.38140945647044,415.87487863926145,386.6614555892542,7.280274251530387,407.46932327964794,10.128531021840994,37300914.28571428,0.8078059365837069,0.0,0.0,0.0,0.0,0.0,0.0011003819846291396,0.010389909497157346,0.027248817467739883,1.016629470768471,0,MSFT
2026-03-10,410.0299987792969,410.2000122070313,402.9299926757813,405.760009765625,31706400,0.0,0.0,0.0,0.0,0.0,0.0,0.0,0.0,45.502517424637084,-6.55511263002461,-10.416150091181274,414.74242123128545,387.1040997648083,6.893668736541607,407.30653151640763,9.924351629655922,34492228.571428575,0.9192331523125705,0.0,0.0,0.0,0.0,0.0,-0.008915253325116002,-0.011980089115372294,0.004530530346907424,1.0180428850256869,0,MSFT
2026-03-11,405.5700073242188,409.010009765625,401.5899963378906,404.8800048828125,25512100,0.0,0.0,0.0,0.0,0.0,0.0,0.0,0.0,44.92010992783383,-6.0475657989867955,-9.542433232742379,413.49407813723616,387.6075576049513,6.46273066420644,407.07543374177953,9.745470329518668,33068971.42857143,0.7714815096413211,0.0,0.0,0.0,0.0,0.0,-0.002168781697636457,-0.009976493196190317,-0.000789751516728221,1.0184765892960423,0,MSFT
2026-03-12,404.6300048828125,406.1199951171875,401.7099914550781,401.8599853515625,27263900,0.0,0.0,0.0,0.0,0.0,0.0,0.0,0.0,42.891171830835894,-5.821910258085495,-8.798328637811004,413.3618796631434,387.58084189447385,6.43767327544531,406.5787243712827,9.364365567560862,31506785.714285713,0.86533422505356,0.0,0.0,0.0,0.0,0.0,-0.007459048347235875,-0.01844121600110682,-0.021476593653253273,1.010978078105888,0,MSFT
2026-03-13,401.0,404.7999877929688,394.25,395.5499877929688,26848000,0.0,0.0,0.0,0.0,0.0,0.0,0.0,0.0,38.93419663967979,-6.082129679340312,-8.255088846116866,413.26704891590066,387.13818179699,6.528909636344743,405.5283685066814,9.449052869375716,30226785.714285713,0.8882188220003545,0.0,0.0,0.0,0.0,0.0,-0.01570198026328362,-0.02516271127495706,-0.03279050259756844,1.026759639297321,1,MSFT
2026-03-16,398.0700073242188,400.6300048828125,394.7900085449219,399.9500122070313,27733700,0.0,0.0,0.0,0.0,0.0,0.0,0.0,0.0,42.89071100830871,-5.865694176588022,-7.777209912211098,413.24433652856374,387.1152856638191,6.529327602302246,404.99709647814325,9.191263117126782,28617128.57142857,0.9691293775605918,0.0,0.0,0.0,0.0,0.0,0.011123813803188609,-0.01217642910572514,-0.023106400357734036,1.0147926649902188,0,MSFT
2026-03-17,400.2699890136719,404.3999938964844,397.75,399.4100036621094,26228300,-0.112025209935382,0.6938281944021583,-0.9401481077075003,0.6041296369738598,12.0,0.2166952832291523,0.3287204931645344,0.4545842080066601,42.52654034715276,-5.672354288538372,-7.356238787476553,413.27973212499785,387.4252666542991,6.457925330830906,404.46499240042573,9.009743887080896,27917757.14285714,0.9394844960427132,0.0,0.0,0.0,-0.037341736645127334,-0.016003601419340284,-0.001350190094862147,-0.006096605232565722,-0.01564965977594368,1.016719029280916,0,MSFT
2026-03-18,397.1300048828125,398.0,391.0,391.7900085449219,25908500,-0.0492443562718108,0.8667061072774231,-0.9556263061240317,0.491675793618871,20.0,0.190761601133272,0.2400059574050828,0.5692324435338378,37.66654117610461,-6.064097812508294,-7.097810592482902,413.45174447498187,386.5632549146667,6.721996357775561,403.257851080854,8.96690529958293,27314414.285714287,0.9485284849600603,-0.112025209935382,0.0,0.0,-0.05375652206906426,-0.0230385094581704,-0.019078127856892224,-0.0095056993150886,-0.032330557646775726,1.0179028132992327,0,MSFT
2026-03-19,390.1000061035156,392.489990234375,387.05999755859375,389.0199890136719,25138800,0.045436890403691,0.9336768556386232,-0.7611203156411648,0.3448005394544952,19.0,0.1605972403562382,0.1151603499525471,0.7242423988094455,36.05353220384177,-6.522883068111469,-6.9828250876086155,413.8016379111806,385.26936123432733,7.1413620835606455,401.90186421731283,8.714268683597096,26376185.714285713,0.953087010847989,-0.0492443562718108,-0.112025209935382,0.0,-0.038610891934500596,-0.01654752511478597,-0.007070163788856276,-0.027328473208550808,-0.03195141792148748,1.0140288139049018,0,MSFT
2026-03-20,386.7900085449219,387.0,380.1199951171875,381.8699951171875,50853200,-0.1593556341249495,0.82124715577811,-0.9401481077075003,0.5948362055211769,12.0,0.1753599193568031,0.3347155534817527,0.4899245210302372,32.218303770867195,-7.378365239393474,-7.061933117965588,414.96979356200046,382.5652039965934,8.126186227464284,399.99406716015807,8.727534770231902,29996342.85714286,1.695313333434933,0.045436890403691,-0.0492443562718108,-0.112025209935382,-0.054387699997689755,-0.03931261570406447,-0.018379502592174246,-0.04391479528329556,-0.03458473795464112,1.0180995605892593,1,MSFT
2026-03-23,383.8999938964844,387.2099914550781,381.6799926757813,383.0,29680100,0.1391429676674306,0.9270876245573164,-0.9306215345859528,0.5442692922587431,20.0,0.2945866407360881,0.1554436730686575,0.5499696856364608,33.423679761815535,-7.874388029781585,-7.224424100328788,415.1661529020095,382.221844534514,8.263055996179093,398.3755845734764,8.499139342307966,30341514.285714287,0.9782010126625189,-0.1593556341249495,0.045436890403691,-0.0492443562718108,0.008408074648724029,-0.01943504889443153,0.002959135038786531,-0.022435509720034164,-0.04238032676507897,1.0144885738980671,0,MSFT
2026-03-24,382.4100036621094,382.4700012207031,371.8500061035156,372.739990234375,40186581,0.1391429676674306,0.9270876245573164,-0.9306215345859528,0.5442692922587431,20.0,0.2945866407360881,0.1554436730686575,0.5499696856364608,28.47270249980842,-8.991735575864482,-7.577886395435927,417.4926114559182,378.26938500404276,9.858029568228819,395.93409939832384,8.68848609617771,32247025.85714286,1.2462104622618553,0.1391429676674306,-0.1593556341249495,0.045436890403691,0.03964343373663723,0.0004425179152014141,-0.02678853724706265,-0.041848746180301655,-0.06677352390576707,1.0285598895868542,0,MSFT
